"category","pref","year_week","reference_date","current_ma4","baseline_ma4","ratio_yoy","alert_start","ratio_alert","ratio_wow"
"A群溶血性レンサ球菌咽頭炎","三重県","2026-18","2026-05-03",2.12,2.089166666666667,1.01,8,0.26,1.1099
"RSウイルス","三重県","2026-18","2026-05-03",0.49,1.5258333333333334,0.32,NA,NA,0.7778
"インフルエンザ","三重県","2026-18","2026-05-03",0.25,2.1791666666666667,0.11,30,0.01,1.1364
"ヘルパンギーナ","三重県","2026-18","2026-05-03",0.07,0.028333333333333335,2.47,6,0.01,1.4
"マイコプラズマ肺炎","三重県","2026-18","2026-05-03",0.11,0.11083333333333335,0.99,NA,NA,1
"伝染性紅斑","三重県","2026-18","2026-05-03",0.02,0.4233333333333334,0.05,2,0.01,0.4
"咽頭結膜熱","三重県","2026-18","2026-05-03",0.35,0.45,0.78,3,0.12,0.875
"感染性胃腸炎","三重県","2026-18","2026-05-03",5.42,5.5616666666666665,0.97,20,0.27,0.8562
"感染性胃腸炎（ロタウイルス）","三重県","2026-18","2026-05-03",0.11,0.04583333333333334,2.4,NA,NA,1
"手足口病","三重県","2026-18","2026-05-03",0.05,0.23916666666666667,0.21,5,0.01,2.5
"新型コロナウイルス","三重県","2026-18","2026-05-03",0.35,1.95875,0.18,NA,NA,0.9211
"水痘","三重県","2026-18","2026-05-03",0.19,0.13,1.46,2,0.1,1.1875
"流行性耳下腺炎","三重県","2026-18","2026-05-03",0.02,0.022500000000000003,0.89,6,0,1
"流行性角結膜炎","三重県","2026-18","2026-05-03",0.18,0.04833333333333333,3.72,8,0.02,0.5
"無菌性髄膜炎","三重県","2026-18","2026-05-03",0,0.04583333333333334,0,NA,NA,NA
"突発性発しん","三重県","2026-18","2026-05-03",0.53,0.22999999999999998,2.3,NA,NA,1.1277
"細菌性髄膜炎","三重県","2026-18","2026-05-03",0,0.009166666666666667,0,NA,NA,NA
"A群溶血性レンサ球菌咽頭炎","京都府","2026-18","2026-05-03",4.42,1.7208333333333332,2.57,8,0.55,0.991
"RSウイルス","京都府","2026-18","2026-05-03",0.22,1.355,0.16,NA,NA,0.9167
"インフルエンザ","京都府","2026-18","2026-05-03",0.43,1.0158333333333334,0.42,30,0.01,0.5513
"ヘルパンギーナ","京都府","2026-18","2026-05-03",0.03,0.05666666666666667,0.53,6,0,NA
"マイコプラズマ肺炎","京都府","2026-18","2026-05-03",0.29,0.2425,1.2,NA,NA,0.5088
"伝染性紅斑","京都府","2026-18","2026-05-03",0,0.4150000000000001,0,2,0,0
"咽頭結膜熱","京都府","2026-18","2026-05-03",0.67,0.4741666666666667,1.41,3,0.22,1.3137
"急性出血性結膜炎","京都府","2026-18","2026-05-03",0,0.005,0,1,0,NA
"感染性胃腸炎","京都府","2026-18","2026-05-03",5.11,5.590833333333333,0.91,20,0.26,0.875
"感染性胃腸炎（ロタウイルス）","京都府","2026-18","2026-05-03",0.29,0.05333333333333334,5.44,NA,NA,2.0714
"手足口病","京都府","2026-18","2026-05-03",0.06,0.24333333333333332,0.25,5,0.01,2
"新型コロナウイルス","京都府","2026-18","2026-05-03",0.68,2.6262499999999998,0.26,NA,NA,1.0303
"水痘","京都府","2026-18","2026-05-03",0.56,0.21833333333333332,2.56,2,0.28,0.9492
"流行性耳下腺炎","京都府","2026-18","2026-05-03",0.06,0.03916666666666667,1.53,6,0.01,1.2
"流行性角結膜炎","京都府","2026-18","2026-05-03",0,0.25083333333333335,0,8,0,0
"突発性発しん","京都府","2026-18","2026-05-03",0.33,0.21500000000000002,1.53,NA,NA,1.5
"細菌性髄膜炎","京都府","2026-18","2026-05-03",0,0.011666666666666667,0,NA,NA,NA
"A群溶血性レンサ球菌咽頭炎","佐賀県","2026-18","2026-05-03",5.17,2.2075,2.34,8,0.65,0.8733
"RSウイルス","佐賀県","2026-18","2026-05-03",0.58,1.5108333333333335,0.38,NA,NA,0.3671
"インフルエンザ","佐賀県","2026-18","2026-05-03",0.21,1.6708333333333334,0.13,30,0.01,0.3621
"ヘルパンギーナ","佐賀県","2026-18","2026-05-03",0.83,0.7783333333333334,1.07,6,0.14,1.2388
"マイコプラズマ肺炎","佐賀県","2026-18","2026-05-03",0.33,0.1675,1.97,NA,NA,1
"伝染性紅斑","佐賀県","2026-18","2026-05-03",0.08,0.16583333333333333,0.48,2,0.04,0.32
"咽頭結膜熱","佐賀県","2026-18","2026-05-03",0.42,0.59,0.71,3,0.14,0.7241
"感染性胃腸炎","佐賀県","2026-18","2026-05-03",2.42,4.755,0.51,20,0.12,0.7076
"感染性胃腸炎（ロタウイルス）","佐賀県","2026-18","2026-05-03",0,0.3208333333333333,0,NA,NA,NA
"手足口病","佐賀県","2026-18","2026-05-03",2.92,0.1225,23.84,5,0.58,1.0618
"新型コロナウイルス","佐賀県","2026-18","2026-05-03",0.29,2.125,0.14,NA,NA,1.381
"水痘","佐賀県","2026-18","2026-05-03",0.67,0.13083333333333336,5.12,2,0.34,8.375
"流行性耳下腺炎","佐賀県","2026-18","2026-05-03",0,0.028333333333333335,0,6,0,NA
"流行性角結膜炎","佐賀県","2026-18","2026-05-03",0,0.041666666666666664,0,8,0,0
"無菌性髄膜炎","佐賀県","2026-18","2026-05-03",0,0.014166666666666668,0,NA,NA,NA
"突発性発しん","佐賀県","2026-18","2026-05-03",0.42,0.4925,0.85,NA,NA,1.2727
"細菌性髄膜炎","佐賀県","2026-18","2026-05-03",0,0.05666666666666667,0,NA,NA,NA
"A群溶血性レンサ球菌咽頭炎","全国","2026-18","2026-05-03",3.21,2.2866666666666666,1.4,8,0.4,0.9938
"RSウイルス","全国","2026-18","2026-05-03",0.44,1.1025,0.4,NA,NA,0.8302
"インフルエンザ","全国","2026-18","2026-05-03",0.41,1.5783333333333334,0.26,30,0.01,0.6721
"クラミジア肺炎","全国","2026-18","2026-05-03",0.02,0.0016666666666666668,12,NA,NA,2
"ヘルパンギーナ","全国","2026-18","2026-05-03",0.09,0.12000000000000001,0.75,6,0.01,1.5
"マイコプラズマ肺炎","全国","2026-18","2026-05-03",0.18,0.14916666666666667,1.21,NA,NA,1.125
"伝染性紅斑","全国","2026-18","2026-05-03",0.07,0.4175,0.17,2,0.04,0.875
"咽頭結膜熱","全国","2026-18","2026-05-03",0.33,0.405,0.81,3,0.11,1.0645
"急性出血性結膜炎","全国","2026-18","2026-05-03",0.01,0.02666666666666667,0.38,1,0.01,NA
"感染性胃腸炎","全国","2026-18","2026-05-03",4.94,5.395,0.92,20,0.25,0.9234
"感染性胃腸炎（ロタウイルス）","全国","2026-18","2026-05-03",0.08,0.08416666666666667,0.95,NA,NA,0.8889
"手足口病","全国","2026-18","2026-05-03",0.38,0.24583333333333335,1.55,5,0.08,1.4615
"新型コロナウイルス","全国","2026-18","2026-05-03",0.59,2.4,0.25,NA,NA,0.8676
"水痘","全国","2026-18","2026-05-03",0.38,0.20833333333333334,1.82,2,0.19,1
"流行性耳下腺炎","全国","2026-18","2026-05-03",0.04,0.0475,0.84,6,0.01,1
"流行性角結膜炎","全国","2026-18","2026-05-03",0.38,0.5508333333333334,0.69,8,0.05,0.8837
"無菌性髄膜炎","全国","2026-18","2026-05-03",0.05,0.023333333333333334,2.14,NA,NA,1
"突発性発しん","全国","2026-18","2026-05-03",0.33,0.29083333333333333,1.13,NA,NA,1.0312
"細菌性髄膜炎","全国","2026-18","2026-05-03",0.02,0.015,1.33,NA,NA,2
"A群溶血性レンサ球菌咽頭炎","兵庫県","2026-18","2026-05-03",2.81,1.5550000000000002,1.81,8,0.35,1.0725
"RSウイルス","兵庫県","2026-18","2026-05-03",0.41,1.4233333333333333,0.29,NA,NA,0.7321
"インフルエンザ","兵庫県","2026-18","2026-05-03",0.37,1.08,0.34,30,0.01,0.6271
"クラミジア肺炎","兵庫県","2026-18","2026-05-03",0,0.005833333333333334,0,NA,NA,0
"ヘルパンギーナ","兵庫県","2026-18","2026-05-03",0.14,0.14083333333333334,0.99,6,0.02,2.3333
"マイコプラズマ肺炎","兵庫県","2026-18","2026-05-03",0.14,0.20833333333333331,0.67,NA,NA,2
"伝染性紅斑","兵庫県","2026-18","2026-05-03",0.08,0.21583333333333332,0.37,2,0.04,1.6
"咽頭結膜熱","兵庫県","2026-18","2026-05-03",0.3,0.36916666666666664,0.81,3,0.1,0.7143
"急性出血性結膜炎","兵庫県","2026-18","2026-05-03",0,0.012499999999999999,0,1,0,NA
"感染性胃腸炎","兵庫県","2026-18","2026-05-03",6.74,6.801666666666667,0.99,20,0.34,0.9427
"感染性胃腸炎（ロタウイルス）","兵庫県","2026-18","2026-05-03",0.14,0.02916666666666667,4.8,NA,NA,2
"手足口病","兵庫県","2026-18","2026-05-03",0.15,0.2791666666666667,0.54,5,0.03,0.6
"新型コロナウイルス","兵庫県","2026-18","2026-05-03",0.48,2.1312499999999996,0.23,NA,NA,0.7742
"水痘","兵庫県","2026-18","2026-05-03",0.26,0.145,1.79,2,0.13,0.6842
"流行性耳下腺炎","兵庫県","2026-18","2026-05-03",0.07,0.044166666666666674,1.58,6,0.01,3.5
"流行性角結膜炎","兵庫県","2026-18","2026-05-03",0.17,0.36083333333333334,0.47,8,0.02,0.4595
"無菌性髄膜炎","兵庫県","2026-18","2026-05-03",0.14,0.07583333333333334,1.85,NA,NA,0.6667
"突発性発しん","兵庫県","2026-18","2026-05-03",0.27,0.265,1.02,NA,NA,0.6585
"細菌性髄膜炎","兵庫県","2026-18","2026-05-03",0.07,0.035,2,NA,NA,1
"A群溶血性レンサ球菌咽頭炎","北海道","2026-18","2026-05-03",5.32,3.9574999999999996,1.34,8,0.66,0.8036
"RSウイルス","北海道","2026-18","2026-05-03",0.22,1.6991666666666667,0.13,NA,NA,0.5946
"インフルエンザ","北海道","2026-18","2026-05-03",1.3,2.0033333333333334,0.65,30,0.04,0.65
"ヘルパンギーナ","北海道","2026-18","2026-05-03",0.03,0.015833333333333335,1.89,6,0,3
"マイコプラズマ肺炎","北海道","2026-18","2026-05-03",0.13,0.13833333333333334,0.94,NA,NA,1.4444
"伝染性紅斑","北海道","2026-18","2026-05-03",0.1,1.0666666666666669,0.09,2,0.05,0.7143
"咽頭結膜熱","北海道","2026-18","2026-05-03",0.44,0.6858333333333333,0.64,3,0.15,1.4667
"急性出血性結膜炎","北海道","2026-18","2026-05-03",0,0.0033333333333333335,0,1,0,NA
"感染性胃腸炎","北海道","2026-18","2026-05-03",4.06,4.034166666666667,1.01,20,0.2,0.9206
"感染性胃腸炎（ロタウイルス）","北海道","2026-18","2026-05-03",0.22,0.0325,6.77,NA,NA,2.4444
"手足口病","北海道","2026-18","2026-05-03",0.01,0.07833333333333332,0.13,5,0,0.25
"新型コロナウイルス","北海道","2026-18","2026-05-03",0.43,2.80625,0.15,NA,NA,0.7414
"水痘","北海道","2026-18","2026-05-03",0.64,0.22083333333333333,2.9,2,0.32,1.561
"流行性耳下腺炎","北海道","2026-18","2026-05-03",0,0.03666666666666667,0,6,0,0
"流行性角結膜炎","北海道","2026-18","2026-05-03",0.03,0.11666666666666667,0.26,8,0,0.3
"無菌性髄膜炎","北海道","2026-18","2026-05-03",0,0.010833333333333334,0,NA,NA,NA
"突発性発しん","北海道","2026-18","2026-05-03",0.18,0.14916666666666667,1.21,NA,NA,1
"細菌性髄膜炎","北海道","2026-18","2026-05-03",0,0.0033333333333333335,0,NA,NA,NA
"A群溶血性レンサ球菌咽頭炎","千葉県","2026-18","2026-05-03",2.73,2.8958333333333335,0.94,8,0.34,0.8053
"RSウイルス","千葉県","2026-18","2026-05-03",0.25,0.6275000000000001,0.4,NA,NA,0.8929
"インフルエンザ","千葉県","2026-18","2026-05-03",0.24,1.5333333333333334,0.16,30,0.01,0.5455
"ヘルパンギーナ","千葉県","2026-18","2026-05-03",0.02,0.03666666666666667,0.55,6,0,2
"マイコプラズマ肺炎","千葉県","2026-18","2026-05-03",0,0.055,0,NA,NA,0
"伝染性紅斑","千葉県","2026-18","2026-05-03",0.02,0.5475,0.04,2,0.01,1
"咽頭結膜熱","千葉県","2026-18","2026-05-03",0.2,0.27999999999999997,0.71,3,0.07,1.3333
"急性出血性結膜炎","千葉県","2026-18","2026-05-03",0,0.0225,0,1,0,NA
"感染性胃腸炎","千葉県","2026-18","2026-05-03",3.31,4.270833333333333,0.78,20,0.17,0.9118
"感染性胃腸炎（ロタウイルス）","千葉県","2026-18","2026-05-03",0,0.04583333333333334,0,NA,NA,0
"手足口病","千葉県","2026-18","2026-05-03",0.06,0.13083333333333333,0.46,5,0.01,1
"新型コロナウイルス","千葉県","2026-18","2026-05-03",0.94,2.60375,0.36,NA,NA,0.8704
"水痘","千葉県","2026-18","2026-05-03",0.31,0.19333333333333333,1.6,2,0.16,0.7949
"流行性耳下腺炎","千葉県","2026-18","2026-05-03",0.06,0.06333333333333334,0.95,6,0.01,2
"流行性角結膜炎","千葉県","2026-18","2026-05-03",0.56,0.645,0.87,8,0.07,1.4737
"突発性発しん","千葉県","2026-18","2026-05-03",0.26,0.265,0.98,NA,NA,1.3684
"細菌性髄膜炎","千葉県","2026-18","2026-05-03",0,0.03666666666666667,0,NA,NA,NA
"A群溶血性レンサ球菌咽頭炎","和歌山県","2026-18","2026-05-03",2.7,1.4049999999999998,1.92,8,0.34,1.0714
"RSウイルス","和歌山県","2026-18","2026-05-03",0.37,2.1791666666666667,0.17,NA,NA,1.4231
"インフルエンザ","和歌山県","2026-18","2026-05-03",0.16,0.9241666666666667,0.17,30,0.01,0.8
"ヘルパンギーナ","和歌山県","2026-18","2026-05-03",0.04,0.0325,1.23,6,0.01,0.2667
"マイコプラズマ肺炎","和歌山県","2026-18","2026-05-03",0.18,0.0375,4.8,NA,NA,NA
"伝染性紅斑","和歌山県","2026-18","2026-05-03",0,0.31666666666666665,0,2,0,NA
"咽頭結膜熱","和歌山県","2026-18","2026-05-03",0.26,0.15666666666666668,1.66,3,0.09,0.8667
"急性出血性結膜炎","和歌山県","2026-18","2026-05-03",0,0.125,0,1,0,NA
"感染性胃腸炎","和歌山県","2026-18","2026-05-03",4.11,5.266666666666667,0.78,20,0.21,1.2764
"感染性胃腸炎（ロタウイルス）","和歌山県","2026-18","2026-05-03",0.18,0.10583333333333333,1.7,NA,NA,NA
"手足口病","和歌山県","2026-18","2026-05-03",0.04,0.20333333333333337,0.2,5,0.01,0.5714
"新型コロナウイルス","和歌山県","2026-18","2026-05-03",0.31,2.29125,0.14,NA,NA,0.775
"水痘","和歌山県","2026-18","2026-05-03",0.3,0.18166666666666667,1.65,2,0.15,2.7273
"流行性耳下腺炎","和歌山県","2026-18","2026-05-03",0.04,0.04,1,6,0.01,1
"流行性角結膜炎","和歌山県","2026-18","2026-05-03",0.25,0.16666666666666666,1.5,8,0.03,1
"無菌性髄膜炎","和歌山県","2026-18","2026-05-03",0,0.030000000000000002,0,NA,NA,NA
"突発性発しん","和歌山県","2026-18","2026-05-03",0.41,0.26833333333333337,1.53,NA,NA,2.1579
"細菌性髄膜炎","和歌山県","2026-18","2026-05-03",0,0.0075,0,NA,NA,NA
"A群溶血性レンサ球菌咽頭炎","埼玉県","2026-18","2026-05-03",3.47,2.8341666666666665,1.22,8,0.43,1.0677
"RSウイルス","埼玉県","2026-18","2026-05-03",0.44,1.0491666666666668,0.42,NA,NA,1.2571
"インフルエンザ","埼玉県","2026-18","2026-05-03",0.24,1.4641666666666668,0.16,30,0.01,0.7273
"クラミジア肺炎","埼玉県","2026-18","2026-05-03",0,0.006666666666666667,0,NA,NA,NA
"ヘルパンギーナ","埼玉県","2026-18","2026-05-03",0.05,0.035833333333333335,1.4,6,0.01,1
"マイコプラズマ肺炎","埼玉県","2026-18","2026-05-03",0.33,0.15250000000000002,2.16,NA,NA,0.66
"伝染性紅斑","埼玉県","2026-18","2026-05-03",0.01,0.6883333333333334,0.01,2,0,1
"咽頭結膜熱","埼玉県","2026-18","2026-05-03",0.27,0.38,0.71,3,0.09,1.08
"急性出血性結膜炎","埼玉県","2026-18","2026-05-03",0.05,0.07916666666666666,0.63,1,0.05,NA
"感染性胃腸炎","埼玉県","2026-18","2026-05-03",4.7,5.614999999999999,0.84,20,0.24,0.8499
"感染性胃腸炎（ロタウイルス）","埼玉県","2026-18","2026-05-03",0,0.0775,0,NA,NA,NA
"手足口病","埼玉県","2026-18","2026-05-03",0.23,0.12916666666666665,1.78,5,0.05,1.5333
"新型コロナウイルス","埼玉県","2026-18","2026-05-03",0.91,2.5875000000000004,0.35,NA,NA,0.9381
"水痘","埼玉県","2026-18","2026-05-03",0.52,0.4308333333333333,1.21,2,0.26,1.2093
"流行性耳下腺炎","埼玉県","2026-18","2026-05-03",0.09,0.06416666666666666,1.4,6,0.01,0.75
"流行性角結膜炎","埼玉県","2026-18","2026-05-03",0.29,0.4191666666666667,0.69,8,0.04,4.1429
"無菌性髄膜炎","埼玉県","2026-18","2026-05-03",0.08,0.03333333333333333,2.4,NA,NA,NA
"突発性発しん","埼玉県","2026-18","2026-05-03",0.44,0.3641666666666667,1.21,NA,NA,1.2571
"細菌性髄膜炎","埼玉県","2026-18","2026-05-03",0,0.014166666666666666,0,NA,NA,NA
"A群溶血性レンサ球菌咽頭炎","大分県","2026-18","2026-05-03",2.08,2.685,0.77,8,0.26,0.8062
"RSウイルス","大分県","2026-18","2026-05-03",0.39,0.8716666666666667,0.45,NA,NA,0.8298
"インフルエンザ","大分県","2026-18","2026-05-03",0.14,1.2425,0.11,30,0,1
"ヘルパンギーナ","大分県","2026-18","2026-05-03",0.17,0.32666666666666666,0.52,6,0.03,2.8333
"マイコプラズマ肺炎","大分県","2026-18","2026-05-03",0.18,0.13499999999999998,1.33,NA,NA,2
"伝染性紅斑","大分県","2026-18","2026-05-03",0.11,0.2158333333333333,0.51,2,0.06,0.7857
"咽頭結膜熱","大分県","2026-18","2026-05-03",0.67,0.5366666666666666,1.25,3,0.22,1.1964
"感染性胃腸炎","大分県","2026-18","2026-05-03",7.14,11.379166666666666,0.63,20,0.36,1.0934
"感染性胃腸炎（ロタウイルス）","大分県","2026-18","2026-05-03",0,0.09000000000000001,0,NA,NA,NA
"手足口病","大分県","2026-18","2026-05-03",0.25,1.2658333333333334,0.2,5,0.05,3.125
"新型コロナウイルス","大分県","2026-18","2026-05-03",0.14,1.80375,0.08,NA,NA,1.4
"水痘","大分県","2026-18","2026-05-03",1.06,0.22999999999999998,4.61,2,0.53,1.5821
"流行性耳下腺炎","大分県","2026-18","2026-05-03",0.06,0.05,1.2,6,0.01,2
"流行性角結膜炎","大分県","2026-18","2026-05-03",0.4,0.8,0.5,8,0.05,0.6667
"突発性発しん","大分県","2026-18","2026-05-03",0.39,0.5041666666666667,0.77,NA,NA,0.6724
"A群溶血性レンサ球菌咽頭炎","大阪府","2026-18","2026-05-03",3.01,1.8133333333333332,1.66,8,0.38,1.0135
"RSウイルス","大阪府","2026-18","2026-05-03",0.55,2.331666666666667,0.24,NA,NA,0.9483
"インフルエンザ","大阪府","2026-18","2026-05-03",0.21,0.8116666666666666,0.26,30,0.01,0.7
"クラミジア肺炎","大阪府","2026-18","2026-05-03",0.06,0.01,6,NA,NA,NA
"ヘルパンギーナ","大阪府","2026-18","2026-05-03",0.02,0.09166666666666666,0.22,6,0,NA
"マイコプラズマ肺炎","大阪府","2026-18","2026-05-03",0.22,0.22333333333333333,0.99,NA,NA,3.6667
"伝染性紅斑","大阪府","2026-18","2026-05-03",0.05,0.22166666666666665,0.23,2,0.03,1
"咽頭結膜熱","大阪府","2026-18","2026-05-03",0.51,0.36333333333333334,1.4,3,0.17,1.0408
"急性出血性結膜炎","大阪府","2026-18","2026-05-03",0,0.01,0,1,0,NA
"感染性胃腸炎","大阪府","2026-18","2026-05-03",5.39,6.181666666666667,0.87,20,0.27,0.9214
"感染性胃腸炎（ロタウイルス）","大阪府","2026-18","2026-05-03",0.06,0.26916666666666667,0.22,NA,NA,0.5455
"手足口病","大阪府","2026-18","2026-05-03",0.13,0.4341666666666666,0.3,5,0.03,1.625
"新型コロナウイルス","大阪府","2026-18","2026-05-03",0.32,1.895,0.17,NA,NA,0.8205
"水痘","大阪府","2026-18","2026-05-03",0.39,0.15000000000000002,2.6,2,0.2,1.7727
"流行性耳下腺炎","大阪府","2026-18","2026-05-03",0.04,0.0475,0.84,6,0.01,1.3333
"流行性角結膜炎","大阪府","2026-18","2026-05-03",0.15,0.3125,0.48,8,0.02,0.8824
"無菌性髄膜炎","大阪府","2026-18","2026-05-03",0,0.015,0,NA,NA,NA
"突発性発しん","大阪府","2026-18","2026-05-03",0.26,0.26833333333333337,0.97,NA,NA,0.8667
"細菌性髄膜炎","大阪府","2026-18","2026-05-03",0,0.025,0,NA,NA,NA
"A群溶血性レンサ球菌咽頭炎","奈良県","2026-18","2026-05-03",5.08,1.4658333333333333,3.47,8,0.64,1.2451
"RSウイルス","奈良県","2026-18","2026-05-03",0.25,2.6158333333333337,0.1,NA,NA,0.5435
"インフルエンザ","奈良県","2026-18","2026-05-03",0.33,0.9816666666666667,0.34,30,0.01,1
"ヘルパンギーナ","奈良県","2026-18","2026-05-03",0.04,0.08666666666666667,0.46,6,0.01,NA
"マイコプラズマ肺炎","奈良県","2026-18","2026-05-03",0.5,0.11166666666666668,4.48,NA,NA,NA
"伝染性紅斑","奈良県","2026-18","2026-05-03",0.13,0.10083333333333333,1.29,2,0.06,3.25
"咽頭結膜熱","奈良県","2026-18","2026-05-03",0.25,0.41583333333333333,0.6,3,0.08,1.1905
"急性出血性結膜炎","奈良県","2026-18","2026-05-03",0,0.016666666666666666,0,1,0,NA
"感染性胃腸炎","奈良県","2026-18","2026-05-03",7.54,6.380833333333333,1.18,20,0.38,0.8737
"感染性胃腸炎（ロタウイルス）","奈良県","2026-18","2026-05-03",0,0.13916666666666666,0,NA,NA,0
"手足口病","奈良県","2026-18","2026-05-03",0.08,0.7975,0.1,5,0.02,NA
"新型コロナウイルス","奈良県","2026-18","2026-05-03",0.62,2.515,0.25,NA,NA,1
"水痘","奈良県","2026-18","2026-05-03",0.21,0.07833333333333334,2.68,2,0.1,0.7241
"流行性耳下腺炎","奈良県","2026-18","2026-05-03",0.04,0.04666666666666666,0.86,6,0.01,0.3077
"流行性角結膜炎","奈良県","2026-18","2026-05-03",0.4,0.435,0.92,8,0.05,0.8
"突発性発しん","奈良県","2026-18","2026-05-03",0.63,0.2841666666666667,2.22,NA,NA,2.1724
"細菌性髄膜炎","奈良県","2026-18","2026-05-03",0,0.0275,0,NA,NA,NA
"A群溶血性レンサ球菌咽頭炎","宮城県","2026-18","2026-05-03",2.26,2.6,0.87,8,0.28,1.1133
"RSウイルス","宮城県","2026-18","2026-05-03",0.26,0.7925,0.33,NA,NA,0.6667
"インフルエンザ","宮城県","2026-18","2026-05-03",0.33,2.98,0.11,30,0.01,0.5156
"ヘルパンギーナ","宮城県","2026-18","2026-05-03",0,0.015000000000000001,0,6,0,NA
"マイコプラズマ肺炎","宮城県","2026-18","2026-05-03",0,0.1,0,NA,NA,0
"伝染性紅斑","宮城県","2026-18","2026-05-03",0.06,0.7166666666666667,0.08,2,0.03,2
"咽頭結膜熱","宮城県","2026-18","2026-05-03",0.19,0.4441666666666667,0.43,3,0.06,1.1875
"急性出血性結膜炎","宮城県","2026-18","2026-05-03",0,0.006666666666666667,0,1,0,0
"感染性胃腸炎","宮城県","2026-18","2026-05-03",4.16,4.51,0.92,20,0.21,1.0667
"感染性胃腸炎（ロタウイルス）","宮城県","2026-18","2026-05-03",0,0.05833333333333333,0,NA,NA,NA
"手足口病","宮城県","2026-18","2026-05-03",0,0.030833333333333334,0,5,0,NA
"新型コロナウイルス","宮城県","2026-18","2026-05-03",1.78,3.3625,0.53,NA,NA,0.7911
"水痘","宮城県","2026-18","2026-05-03",0.52,0.14500000000000002,3.59,2,0.26,2.2609
"流行性耳下腺炎","宮城県","2026-18","2026-05-03",0,0.07083333333333335,0,6,0,0
"流行性角結膜炎","宮城県","2026-18","2026-05-03",0.67,0.47333333333333333,1.42,8,0.08,1
"無菌性髄膜炎","宮城県","2026-18","2026-05-03",0.1,0.03333333333333333,3,NA,NA,NA
"突発性発しん","宮城県","2026-18","2026-05-03",0.19,0.33166666666666667,0.57,NA,NA,0.8261
"細菌性髄膜炎","宮城県","2026-18","2026-05-03",0.1,0.008333333333333333,12,NA,NA,NA
"A群溶血性レンサ球菌咽頭炎","宮崎県","2026-18","2026-05-03",4.07,2.6758333333333337,1.52,8,0.51,1.0517
"RSウイルス","宮崎県","2026-18","2026-05-03",1.33,1.5799999999999998,0.84,NA,NA,1.5287
"インフルエンザ","宮崎県","2026-18","2026-05-03",0.18,1.2716666666666667,0.14,30,0.01,0.5625
"ヘルパンギーナ","宮崎県","2026-18","2026-05-03",1.67,0.7075000000000001,2.36,6,0.28,1.2556
"マイコプラズマ肺炎","宮崎県","2026-18","2026-05-03",0.29,0.035,8.29,NA,NA,NA
"伝染性紅斑","宮崎県","2026-18","2026-05-03",0.2,0.26083333333333336,0.77,2,0.1,0.5
"咽頭結膜熱","宮崎県","2026-18","2026-05-03",0.53,0.8799999999999999,0.6,3,0.18,1
"感染性胃腸炎","宮崎県","2026-18","2026-05-03",5.53,9.339166666666666,0.59,20,0.28,0.7276
"感染性胃腸炎（ロタウイルス）","宮崎県","2026-18","2026-05-03",0,0.15416666666666667,0,NA,NA,NA
"手足口病","宮崎県","2026-18","2026-05-03",13.53,0.725,18.66,5,2.71,1.6912
"新型コロナウイルス","宮崎県","2026-18","2026-05-03",0.5,1.9137499999999998,0.26,NA,NA,1.1628
"水痘","宮崎県","2026-18","2026-05-03",0.6,0.20916666666666667,2.87,2,0.3,0.6
"流行性耳下腺炎","宮崎県","2026-18","2026-05-03",0.07,0.0575,1.22,6,0.01,NA
"流行性角結膜炎","宮崎県","2026-18","2026-05-03",0.17,0.5425,0.31,8,0.02,0.1453
"無菌性髄膜炎","宮崎県","2026-18","2026-05-03",0,0.011666666666666667,0,NA,NA,NA
"突発性発しん","宮崎県","2026-18","2026-05-03",0.33,0.5175,0.64,NA,NA,0.4925
"A群溶血性レンサ球菌咽頭炎","富山県","2026-18","2026-05-03",4.72,3.4858333333333333,1.35,8,0.59,1.1319
"RSウイルス","富山県","2026-18","2026-05-03",0.45,1.1966666666666668,0.38,NA,NA,1.4516
"インフルエンザ","富山県","2026-18","2026-05-03",0.83,2.0375,0.41,30,0.03,0.7685
"ヘルパンギーナ","富山県","2026-18","2026-05-03",0.07,0.060000000000000005,1.17,6,0.01,NA
"マイコプラズマ肺炎","富山県","2026-18","2026-05-03",0.2,0.08333333333333333,2.4,NA,NA,NA
"伝染性紅斑","富山県","2026-18","2026-05-03",0.1,0.84,0.12,2,0.05,1
"咽頭結膜熱","富山県","2026-18","2026-05-03",0.34,1.0275,0.33,3,0.11,1.4167
"急性出血性結膜炎","富山県","2026-18","2026-05-03",0,0.345,0,1,0,NA
"感染性胃腸炎","富山県","2026-18","2026-05-03",8.28,9.431666666666667,0.88,20,0.41,0.8607
"感染性胃腸炎（ロタウイルス）","富山県","2026-18","2026-05-03",0,0.05,0,NA,NA,NA
"手足口病","富山県","2026-18","2026-05-03",0.66,0.04083333333333333,16.16,5,0.13,1.6098
"新型コロナウイルス","富山県","2026-18","2026-05-03",0.4,2.68375,0.15,NA,NA,0.8696
"水痘","富山県","2026-18","2026-05-03",0.45,0.19666666666666668,2.29,2,0.22,2.1429
"流行性耳下腺炎","富山県","2026-18","2026-05-03",0.03,0.0275,1.09,6,0,1
"流行性角結膜炎","富山県","2026-18","2026-05-03",0.29,0.23833333333333334,1.22,8,0.04,NA
"突発性発しん","富山県","2026-18","2026-05-03",0.34,0.21500000000000002,1.58,NA,NA,1.619
"A群溶血性レンサ球菌咽頭炎","山口県","2026-18","2026-05-03",2.95,3.0366666666666666,0.97,8,0.37,0.7143
"RSウイルス","山口県","2026-18","2026-05-03",0.58,1.8908333333333334,0.31,NA,NA,0.5631
"インフルエンザ","山口県","2026-18","2026-05-03",0.36,1.6858333333333333,0.21,30,0.01,0.5806
"ヘルパンギーナ","山口県","2026-18","2026-05-03",0.08,0.15333333333333335,0.52,6,0.01,NA
"マイコプラズマ肺炎","山口県","2026-18","2026-05-03",0.11,0.185,0.59,NA,NA,1
"伝染性紅斑","山口県","2026-18","2026-05-03",0.16,0.13416666666666668,1.19,2,0.08,0.5517
"咽頭結膜熱","山口県","2026-18","2026-05-03",0.42,0.2775,1.51,3,0.14,1.75
"感染性胃腸炎","山口県","2026-18","2026-05-03",4.18,6.7700000000000005,0.62,20,0.21,0.9067
"感染性胃腸炎（ロタウイルス）","山口県","2026-18","2026-05-03",0,0.15666666666666665,0,NA,NA,NA
"手足口病","山口県","2026-18","2026-05-03",0.11,0.045000000000000005,2.44,5,0.02,3.6667
"新型コロナウイルス","山口県","2026-18","2026-05-03",0.62,1.8175,0.34,NA,NA,1.4419
"水痘","山口県","2026-18","2026-05-03",0.05,0.07,0.71,2,0.03,0.1351
"流行性耳下腺炎","山口県","2026-18","2026-05-03",0,0.03916666666666667,0,6,0,0
"流行性角結膜炎","山口県","2026-18","2026-05-03",1.22,0.4908333333333333,2.49,8,0.15,0.5495
"無菌性髄膜炎","山口県","2026-18","2026-05-03",0.11,0.0275,4,NA,NA,NA
"突発性発しん","山口県","2026-18","2026-05-03",0.55,0.4033333333333333,1.36,NA,NA,1.3095
"A群溶血性レンサ球菌咽頭炎","山形県","2026-18","2026-05-03",5.04,4.041666666666667,1.25,8,0.63,0.9637
"RSウイルス","山形県","2026-18","2026-05-03",1.38,0.6166666666666667,2.24,NA,NA,0.6188
"インフルエンザ","山形県","2026-18","2026-05-03",2.54,4.37,0.58,30,0.08,0.643
"ヘルパンギーナ","山形県","2026-18","2026-05-03",0,0.013333333333333334,0,6,0,NA
"マイコプラズマ肺炎","山形県","2026-18","2026-05-03",0,0.11666666666666668,0,NA,NA,NA
"伝染性紅斑","山形県","2026-18","2026-05-03",0.08,1.0975000000000001,0.07,2,0.04,NA
"咽頭結膜熱","山形県","2026-18","2026-05-03",0.35,0.5866666666666667,0.6,3,0.12,1.8421
"感染性胃腸炎","山形県","2026-18","2026-05-03",3.54,4.629166666666666,0.76,20,0.18,0.708
"感染性胃腸炎（ロタウイルス）","山形県","2026-18","2026-05-03",0,0.05833333333333334,0,NA,NA,NA
"手足口病","山形県","2026-18","2026-05-03",0,0.04916666666666667,0,5,0,0
"新型コロナウイルス","山形県","2026-18","2026-05-03",0.77,3.9387499999999998,0.2,NA,NA,0.6525
"水痘","山形県","2026-18","2026-05-03",0.27,0.29833333333333334,0.91,2,0.14,0.3913
"流行性耳下腺炎","山形県","2026-18","2026-05-03",0,0.04583333333333333,0,6,0,NA
"流行性角結膜炎","山形県","2026-18","2026-05-03",0.25,0.21333333333333332,1.17,8,0.03,1.9231
"無菌性髄膜炎","山形県","2026-18","2026-05-03",0,0.008333333333333333,0,NA,NA,NA
"突発性発しん","山形県","2026-18","2026-05-03",0.27,0.30833333333333335,0.88,NA,NA,0.4355
"A群溶血性レンサ球菌咽頭炎","山梨県","2026-18","2026-05-03",1.19,1.4141666666666666,0.84,8,0.15,1.3837
"RSウイルス","山梨県","2026-18","2026-05-03",0.14,0.33875,0.41,NA,NA,0.5833
"インフルエンザ","山梨県","2026-18","2026-05-03",0.2,1.9966666666666668,0.1,30,0.01,2.2222
"ヘルパンギーナ","山梨県","2026-18","2026-05-03",0,0.0175,0,6,0,NA
"マイコプラズマ肺炎","山梨県","2026-18","2026-05-03",0,0.09166666666666667,0,NA,NA,0
"伝染性紅斑","山梨県","2026-18","2026-05-03",0.05,0.10166666666666666,0.49,2,0.03,0.5
"咽頭結膜熱","山梨県","2026-18","2026-05-03",0.1,0.22833333333333333,0.44,3,0.03,2
"感染性胃腸炎","山梨県","2026-18","2026-05-03",2.71,3.4408333333333334,0.79,20,0.14,0.7591
"手足口病","山梨県","2026-18","2026-05-03",0,0.14583333333333331,0,5,0,NA
"新型コロナウイルス","山梨県","2026-18","2026-05-03",1,3.175,0.31,NA,NA,1
"水痘","山梨県","2026-18","2026-05-03",0.29,0.065,4.46,2,0.14,1.2083
"流行性耳下腺炎","山梨県","2026-18","2026-05-03",0.05,0.0475,1.05,6,0.01,NA
"流行性角結膜炎","山梨県","2026-18","2026-05-03",0,1.1658333333333335,0,8,0,0
"無菌性髄膜炎","山梨県","2026-18","2026-05-03",0,0.008333333333333333,0,NA,NA,0
"突発性発しん","山梨県","2026-18","2026-05-03",0.24,0.19666666666666666,1.22,NA,NA,0.7273
"細菌性髄膜炎","山梨県","2026-18","2026-05-03",0,0.008333333333333333,0,NA,NA,0
"A群溶血性レンサ球菌咽頭炎","岐阜県","2026-18","2026-05-03",2,1.6424999999999998,1.22,8,0.25,1
"RSウイルス","岐阜県","2026-18","2026-05-03",0.44,0.9875,0.45,NA,NA,1.3333
"インフルエンザ","岐阜県","2026-18","2026-05-03",0.02,1.1366666666666667,0.02,30,0,0.0323
"ヘルパンギーナ","岐阜県","2026-18","2026-05-03",0.04,0.008333333333333333,4.8,6,0.01,1
"マイコプラズマ肺炎","岐阜県","2026-18","2026-05-03",0.2,0.16666666666666666,1.2,NA,NA,1
"伝染性紅斑","岐阜県","2026-18","2026-05-03",0.11,0.14416666666666667,0.76,2,0.06,2.75
"咽頭結膜熱","岐阜県","2026-18","2026-05-03",0.26,0.27499999999999997,0.95,3,0.09,2.3636
"感染性胃腸炎","岐阜県","2026-18","2026-05-03",6.48,5.656666666666666,1.15,20,0.32,0.8416
"感染性胃腸炎（ロタウイルス）","岐阜県","2026-18","2026-05-03",0.2,0.25,0.8,NA,NA,0.5
"手足口病","岐阜県","2026-18","2026-05-03",0,0.09083333333333334,0,5,0,0
"新型コロナウイルス","岐阜県","2026-18","2026-05-03",0.4,2.93,0.14,NA,NA,1.2903
"水痘","岐阜県","2026-18","2026-05-03",0.3,0.06583333333333333,4.56,2,0.15,0.7317
"流行性耳下腺炎","岐阜県","2026-18","2026-05-03",0.04,0.03333333333333333,1.2,6,0.01,NA
"流行性角結膜炎","岐阜県","2026-18","2026-05-03",0,0.09,0,8,0,NA
"無菌性髄膜炎","岐阜県","2026-18","2026-05-03",0,0.1,0,NA,NA,0
"突発性発しん","岐阜県","2026-18","2026-05-03",0.15,0.19833333333333333,0.76,NA,NA,0.5
"細菌性髄膜炎","岐阜県","2026-18","2026-05-03",0,0.016666666666666666,0,NA,NA,NA
"A群溶血性レンサ球菌咽頭炎","岡山県","2026-18","2026-05-03",4,1.4224999999999999,2.81,8,0.5,1.3986
"RSウイルス","岡山県","2026-18","2026-05-03",0.54,0.48833333333333334,1.11,NA,NA,0.7941
"インフルエンザ","岡山県","2026-18","2026-05-03",0.4,1.5391666666666666,0.26,30,0.01,0.5
"ヘルパンギーナ","岡山県","2026-18","2026-05-03",0.07,0.07916666666666668,0.88,6,0.01,0.5
"マイコプラズマ肺炎","岡山県","2026-18","2026-05-03",0.4,0.20000000000000004,2,NA,NA,NA
"伝染性紅斑","岡山県","2026-18","2026-05-03",0.21,0.058333333333333334,3.6,2,0.1,1.9091
"咽頭結膜熱","岡山県","2026-18","2026-05-03",0.18,0.36583333333333334,0.49,3,0.06,1
"急性出血性結膜炎","岡山県","2026-18","2026-05-03",0,0.006666666666666667,0,1,0,NA
"感染性胃腸炎","岡山県","2026-18","2026-05-03",4.82,6.328333333333333,0.76,20,0.24,0.8654
"感染性胃腸炎（ロタウイルス）","岡山県","2026-18","2026-05-03",0,0.15,0,NA,NA,NA
"手足口病","岡山県","2026-18","2026-05-03",1.29,0.37166666666666665,3.47,5,0.26,1.4494
"新型コロナウイルス","岡山県","2026-18","2026-05-03",0.3,2.7024999999999997,0.11,NA,NA,0.5556
"水痘","岡山県","2026-18","2026-05-03",0.43,0.13166666666666668,3.27,2,0.22,0.86
"流行性耳下腺炎","岡山県","2026-18","2026-05-03",0,0.06583333333333333,0,6,0,0
"流行性角結膜炎","岡山県","2026-18","2026-05-03",0.17,0.195,0.87,8,0.02,NA
"無菌性髄膜炎","岡山県","2026-18","2026-05-03",0.2,0.05,4,NA,NA,NA
"突発性発しん","岡山県","2026-18","2026-05-03",0.43,0.26,1.65,NA,NA,0.7544
"A群溶血性レンサ球菌咽頭炎","岩手県","2026-18","2026-05-03",4.78,2.1525,2.22,8,0.6,1.0084
"RSウイルス","岩手県","2026-18","2026-05-03",0.48,0.5075,0.95,NA,NA,0.4615
"インフルエンザ","岩手県","2026-18","2026-05-03",0.88,2.5524999999999998,0.34,30,0.03,1.0864
"ヘルパンギーナ","岩手県","2026-18","2026-05-03",0.07,0.008333333333333333,8.4,6,0.01,NA
"マイコプラズマ肺炎","岩手県","2026-18","2026-05-03",0.26,0.06666666666666667,3.9,NA,NA,1.2381
"伝染性紅斑","岩手県","2026-18","2026-05-03",0.19,0.5566666666666666,0.34,2,0.1,0.7308
"咽頭結膜熱","岩手県","2026-18","2026-05-03",0.37,1.0966666666666667,0.34,3,0.12,1.4231
"急性出血性結膜炎","岩手県","2026-18","2026-05-03",0,0.005833333333333334,0,1,0,NA
"感染性胃腸炎","岩手県","2026-18","2026-05-03",6.81,5.098333333333334,1.34,20,0.34,1.1219
"感染性胃腸炎（ロタウイルス）","岩手県","2026-18","2026-05-03",0.32,0.008333333333333333,38.4,NA,NA,1
"手足口病","岩手県","2026-18","2026-05-03",0.11,0.02416666666666667,4.55,5,0.02,2.75
"新型コロナウイルス","岩手県","2026-18","2026-05-03",2.1,4.10625,0.51,NA,NA,0.7664
"水痘","岩手県","2026-18","2026-05-03",0.3,0.115,2.61,2,0.15,0.6818
"流行性耳下腺炎","岩手県","2026-18","2026-05-03",0.04,0.023333333333333334,1.71,6,0.01,NA
"流行性角結膜炎","岩手県","2026-18","2026-05-03",0.43,0.25583333333333336,1.68,8,0.05,1.4828
"無菌性髄膜炎","岩手県","2026-18","2026-05-03",0.05,0.008333333333333333,6,NA,NA,1
"突発性発しん","岩手県","2026-18","2026-05-03",0.33,0.3858333333333333,0.86,NA,NA,0.8919
"細菌性髄膜炎","岩手県","2026-18","2026-05-03",0,0.0125,0,NA,NA,NA
"A群溶血性レンサ球菌咽頭炎","島根県","2026-18","2026-05-03",3.09,1.1866666666666665,2.6,8,0.39,0.8089
"RSウイルス","島根県","2026-18","2026-05-03",0.27,0.44166666666666665,0.61,NA,NA,0.4219
"インフルエンザ","島根県","2026-18","2026-05-03",0.8,1.4075,0.57,30,0.03,0.7273
"ヘルパンギーナ","島根県","2026-18","2026-05-03",0,0.06666666666666667,0,6,0,NA
"マイコプラズマ肺炎","島根県","2026-18","2026-05-03",0.38,0.10499999999999998,3.62,NA,NA,1
"伝染性紅斑","島根県","2026-18","2026-05-03",0.09,0.31083333333333335,0.29,2,0.04,0.5
"咽頭結膜熱","島根県","2026-18","2026-05-03",0.82,0.5708333333333333,1.44,3,0.27,0.9011
"感染性胃腸炎","島根県","2026-18","2026-05-03",9.36,5.7749999999999995,1.62,20,0.47,0.7859
"感染性胃腸炎（ロタウイルス）","島根県","2026-18","2026-05-03",0,0.03166666666666667,0,NA,NA,NA
"手足口病","島根県","2026-18","2026-05-03",0.27,0.14500000000000002,1.86,5,0.05,3
"新型コロナウイルス","島根県","2026-18","2026-05-03",0.8,2.2225,0.36,NA,NA,1.6
"水痘","島根県","2026-18","2026-05-03",0,0.15833333333333335,0,2,0,0
"流行性耳下腺炎","島根県","2026-18","2026-05-03",0,0.05416666666666667,0,6,0,NA
"流行性角結膜炎","島根県","2026-18","2026-05-03",0,0.055,0,8,0,0
"無菌性髄膜炎","島根県","2026-18","2026-05-03",0,0.010833333333333334,0,NA,NA,NA
"突発性発しん","島根県","2026-18","2026-05-03",0.55,0.5325,1.03,NA,NA,1.5278
"細菌性髄膜炎","島根県","2026-18","2026-05-03",0,0.043333333333333335,0,NA,NA,NA
"A群溶血性レンサ球菌咽頭炎","広島県","2026-18","2026-05-03",2.82,2.0058333333333334,1.41,8,0.35,0.9625
"RSウイルス","広島県","2026-18","2026-05-03",0.34,1.0633333333333332,0.32,NA,NA,0.6538
"インフルエンザ","広島県","2026-18","2026-05-03",0.6,1.8383333333333334,0.33,30,0.02,1.0714
"ヘルパンギーナ","広島県","2026-18","2026-05-03",0.32,0.13416666666666666,2.39,6,0.05,2
"マイコプラズマ肺炎","広島県","2026-18","2026-05-03",0.15,0.15833333333333333,0.95,NA,NA,0.75
"伝染性紅斑","広島県","2026-18","2026-05-03",0.07,0.135,0.52,2,0.04,1.4
"咽頭結膜熱","広島県","2026-18","2026-05-03",0.64,0.5475,1.17,3,0.21,1.7778
"急性出血性結膜炎","広島県","2026-18","2026-05-03",0,0.0225,0,1,0,NA
"感染性胃腸炎","広島県","2026-18","2026-05-03",4.18,6.03,0.69,20,0.21,0.9009
"感染性胃腸炎（ロタウイルス）","広島県","2026-18","2026-05-03",0.05,0.22083333333333333,0.23,NA,NA,NA
"手足口病","広島県","2026-18","2026-05-03",0.39,0.22,1.77,5,0.08,1.3448
"新型コロナウイルス","広島県","2026-18","2026-05-03",0.51,1.8425,0.28,NA,NA,0.6296
"水痘","広島県","2026-18","2026-05-03",0.27,0.07416666666666667,3.64,2,0.14,1.2857
"流行性耳下腺炎","広島県","2026-18","2026-05-03",0.02,0.0275,0.73,6,0,0.5
"流行性角結膜炎","広島県","2026-18","2026-05-03",0.37,0.7508333333333334,0.49,8,0.05,1.1562
"無菌性髄膜炎","広島県","2026-18","2026-05-03",0,0.004166666666666667,0,NA,NA,NA
"突発性発しん","広島県","2026-18","2026-05-03",0.21,0.24,0.88,NA,NA,0.913
"細菌性髄膜炎","広島県","2026-18","2026-05-03",0,0.008333333333333333,0,NA,NA,NA
"A群溶血性レンサ球菌咽頭炎","徳島県","2026-18","2026-05-03",1.67,0.9466666666666668,1.76,8,0.21,1.7579
"RSウイルス","徳島県","2026-18","2026-05-03",0.19,0.825,0.23,NA,NA,1.9
"インフルエンザ","徳島県","2026-18","2026-05-03",0.3,0.8841666666666667,0.34,30,0.01,0.6667
"ヘルパンギーナ","徳島県","2026-18","2026-05-03",0,0.0425,0,6,0,NA
"マイコプラズマ肺炎","徳島県","2026-18","2026-05-03",0.29,0.023333333333333334,12.43,NA,NA,2.0714
"伝染性紅斑","徳島県","2026-18","2026-05-03",0,0.028333333333333332,0,2,0,0
"咽頭結膜熱","徳島県","2026-18","2026-05-03",0.1,0.17166666666666666,0.58,3,0.03,0.7143
"急性出血性結膜炎","徳島県","2026-18","2026-05-03",0,0.0625,0,1,0,NA
"感染性胃腸炎","徳島県","2026-18","2026-05-03",4.05,4.639166666666667,0.87,20,0.2,1.35
"感染性胃腸炎（ロタウイルス）","徳島県","2026-18","2026-05-03",0,0.04750000000000001,0,NA,NA,NA
"手足口病","徳島県","2026-18","2026-05-03",0.05,0.5108333333333334,0.1,5,0.01,NA
"新型コロナウイルス","徳島県","2026-18","2026-05-03",1.18,2.4675000000000002,0.48,NA,NA,1
"水痘","徳島県","2026-18","2026-05-03",0.05,0.14083333333333334,0.36,2,0.03,0.2083
"流行性耳下腺炎","徳島県","2026-18","2026-05-03",0,0.030833333333333334,0,6,0,NA
"流行性角結膜炎","徳島県","2026-18","2026-05-03",0.5,0.125,4,8,0.06,1
"無菌性髄膜炎","徳島県","2026-18","2026-05-03",0,0.023333333333333334,0,NA,NA,NA
"突発性発しん","徳島県","2026-18","2026-05-03",0.29,0.3325,0.87,NA,NA,1.5263
"細菌性髄膜炎","徳島県","2026-18","2026-05-03",0.14,0.023333333333333334,6,NA,NA,NA
"A群溶血性レンサ球菌咽頭炎","愛媛県","2026-18","2026-05-03",5.19,3.4916666666666667,1.49,8,0.65,0.8508
"RSウイルス","愛媛県","2026-18","2026-05-03",1.76,1.3800000000000001,1.28,NA,NA,1.3643
"インフルエンザ","愛媛県","2026-18","2026-05-03",0.32,1.5675,0.2,30,0.01,0.3368
"ヘルパンギーナ","愛媛県","2026-18","2026-05-03",0,0.3441666666666667,0,6,0,0
"マイコプラズマ肺炎","愛媛県","2026-18","2026-05-03",0.17,0.09666666666666668,1.76,NA,NA,1
"伝染性紅斑","愛媛県","2026-18","2026-05-03",0.48,0.115,4.17,2,0.24,1
"咽頭結膜熱","愛媛県","2026-18","2026-05-03",0.67,0.4291666666666667,1.56,3,0.22,1.0806
"感染性胃腸炎","愛媛県","2026-18","2026-05-03",9.43,9.1033333333333335,1.04,20,0.47,1.0151
"感染性胃腸炎（ロタウイルス）","愛媛県","2026-18","2026-05-03",0,0.05583333333333333,0,NA,NA,NA
"手足口病","愛媛県","2026-18","2026-05-03",0.38,0.935,0.41,5,0.08,3.8
"新型コロナウイルス","愛媛県","2026-18","2026-05-03",0.26,2.1525,0.12,NA,NA,0.619
"水痘","愛媛県","2026-18","2026-05-03",0.38,0.11,3.45,2,0.19,0.6667
"流行性耳下腺炎","愛媛県","2026-18","2026-05-03",0,0.03166666666666667,0,6,0,NA
"流行性角結膜炎","愛媛県","2026-18","2026-05-03",0.88,1.7083333333333335,0.52,8,0.11,0.88
"突発性発しん","愛媛県","2026-18","2026-05-03",0.62,0.455,1.36,NA,NA,1.6316
"細菌性髄膜炎","愛媛県","2026-18","2026-05-03",0,0.014166666666666668,0,NA,NA,0
"A群溶血性レンサ球菌咽頭炎","愛知県","2026-18","2026-05-03",1.78,1.5041666666666669,1.18,8,0.22,0.8091
"RSウイルス","愛知県","2026-18","2026-05-03",0.37,0.7891666666666666,0.47,NA,NA,1.0278
"インフルエンザ","愛知県","2026-18","2026-05-03",0.21,1.478333333333333,0.14,30,0.01,0.4375
"ヘルパンギーナ","愛知県","2026-18","2026-05-03",0.07,0.030833333333333338,2.27,6,0.01,3.5
"マイコプラズマ肺炎","愛知県","2026-18","2026-05-03",0.27,0.22166666666666668,1.22,NA,NA,0.5745
"伝染性紅斑","愛知県","2026-18","2026-05-03",0.07,0.14083333333333334,0.5,2,0.04,2.3333
"咽頭結膜熱","愛知県","2026-18","2026-05-03",0.14,0.25416666666666665,0.55,3,0.05,2
"急性出血性結膜炎","愛知県","2026-18","2026-05-03",0,0.03833333333333333,0,1,0,NA
"感染性胃腸炎","愛知県","2026-18","2026-05-03",5.18,4.5841666666666665,1.13,20,0.26,0.8576
"感染性胃腸炎（ロタウイルス）","愛知県","2026-18","2026-05-03",0.07,0.11166666666666666,0.63,NA,NA,1
"手足口病","愛知県","2026-18","2026-05-03",0.12,0.09416666666666668,1.27,5,0.02,0.5714
"新型コロナウイルス","愛知県","2026-18","2026-05-03",0.3,2.8825,0.1,NA,NA,1.0714
"水痘","愛知県","2026-18","2026-05-03",0.25,0.125,2,2,0.12,0.7353
"流行性耳下腺炎","愛知県","2026-18","2026-05-03",0.02,0.04416666666666667,0.45,6,0,2
"流行性角結膜炎","愛知県","2026-18","2026-05-03",0.29,0.1975,1.47,8,0.04,2.6364
"無菌性髄膜炎","愛知県","2026-18","2026-05-03",0.2,0.03916666666666667,5.11,NA,NA,1.5385
"突発性発しん","愛知県","2026-18","2026-05-03",0.24,0.1975,1.22,NA,NA,0.8
"細菌性髄膜炎","愛知県","2026-18","2026-05-03",0,0.028333333333333335,0,NA,NA,NA
"A群溶血性レンサ球菌咽頭炎","新潟県","2026-18","2026-05-03",5.73,3.209166666666667,1.79,8,0.72,1.117
"RSウイルス","新潟県","2026-18","2026-05-03",0.37,1.5083333333333333,0.25,NA,NA,0.4458
"インフルエンザ","新潟県","2026-18","2026-05-03",0.55,6.55,0.08,30,0.02,0.514
"ヘルパンギーナ","新潟県","2026-18","2026-05-03",0.03,0.008333333333333333,3.6,6,0,NA
"マイコプラズマ肺炎","新潟県","2026-18","2026-05-03",0.31,0.12166666666666667,2.55,NA,NA,1.3478
"伝染性紅斑","新潟県","2026-18","2026-05-03",0.43,0.5091666666666667,0.84,2,0.22,1.1622
"咽頭結膜熱","新潟県","2026-18","2026-05-03",0.17,0.7525000000000001,0.23,3,0.06,0.7391
"急性出血性結膜炎","新潟県","2026-18","2026-05-03",0.2,0.06666666666666667,3,1,0.2,NA
"感染性胃腸炎","新潟県","2026-18","2026-05-03",5.07,4.4925,1.13,20,0.25,1.2071
"感染性胃腸炎（ロタウイルス）","新潟県","2026-18","2026-05-03",0,0.012499999999999999,0,NA,NA,NA
"手足口病","新潟県","2026-18","2026-05-03",0.17,0.07416666666666667,2.29,5,0.03,NA
"新型コロナウイルス","新潟県","2026-18","2026-05-03",0.84,4.223750000000001,0.2,NA,NA,0.8842
"水痘","新潟県","2026-18","2026-05-03",0.5,0.17416666666666666,2.87,2,0.25,1.6667
"流行性耳下腺炎","新潟県","2026-18","2026-05-03",0,0.04583333333333334,0,6,0,NA
"流行性角結膜炎","新潟県","2026-18","2026-05-03",1.3,0.3416666666666667,3.8,8,0.16,3.25
"無菌性髄膜炎","新潟県","2026-18","2026-05-03",0,0.006666666666666667,0,NA,NA,NA
"突発性発しん","新潟県","2026-18","2026-05-03",0.23,0.25,0.92,NA,NA,3.2857
"細菌性髄膜炎","新潟県","2026-18","2026-05-03",0.15,0.006666666666666667,22.5,NA,NA,1.875
"A群溶血性レンサ球菌咽頭炎","東京都","2026-18","2026-05-03",1.92,2.374166666666667,0.81,8,0.24,1
"RSウイルス","東京都","2026-18","2026-05-03",0.21,0.8125,0.26,NA,NA,0.7778
"インフルエンザ","東京都","2026-18","2026-05-03",0.22,1.1891666666666667,0.19,30,0.01,0.7333
"クラミジア肺炎","東京都","2026-18","2026-05-03",0.04,0.02666666666666667,1.5,NA,NA,1
"ヘルパンギーナ","東京都","2026-18","2026-05-03",0.03,0.05666666666666667,0.53,6,0,1
"マイコプラズマ肺炎","東京都","2026-18","2026-05-03",0.12,0.08,1.5,NA,NA,0.75
"伝染性紅斑","東京都","2026-18","2026-05-03",0.03,0.31666666666666665,0.09,2,0.01,0.75
"咽頭結膜熱","東京都","2026-18","2026-05-03",0.18,0.25916666666666666,0.69,3,0.06,1
"急性出血性結膜炎","東京都","2026-18","2026-05-03",0,0.018333333333333333,0,1,0,NA
"感染性胃腸炎","東京都","2026-18","2026-05-03",5.15,5.4383333333333335,0.95,20,0.26,0.8744
"感染性胃腸炎（ロタウイルス）","東京都","2026-18","2026-05-03",0.16,0.05333333333333333,3,NA,NA,0.4
"手足口病","東京都","2026-18","2026-05-03",0.13,0.10833333333333334,1.2,5,0.03,1
"新型コロナウイルス","東京都","2026-18","2026-05-03",0.35,1.59125,0.22,NA,NA,0.6481
"水痘","東京都","2026-18","2026-05-03",0.36,0.2916666666666667,1.23,2,0.18,0.878
"流行性耳下腺炎","東京都","2026-18","2026-05-03",0.05,0.05916666666666667,0.85,6,0.01,1
"流行性角結膜炎","東京都","2026-18","2026-05-03",0.41,0.45416666666666666,0.9,8,0.05,0.7593
"無菌性髄膜炎","東京都","2026-18","2026-05-03",0,0.023333333333333334,0,NA,NA,0
"突発性発しん","東京都","2026-18","2026-05-03",0.33,0.3175,1.04,NA,NA,1.1379
"細菌性髄膜炎","東京都","2026-18","2026-05-03",0,0.016666666666666666,0,NA,NA,0
"A群溶血性レンサ球菌咽頭炎","栃木県","2026-18","2026-05-03",3.33,2.8033333333333332,1.19,8,0.42,0.6866
"RSウイルス","栃木県","2026-18","2026-05-03",0.63,0.7266666666666667,0.87,NA,NA,1.4318
"インフルエンザ","栃木県","2026-18","2026-05-03",0.19,1.4366666666666668,0.13,30,0.01,0.6786
"クラミジア肺炎","栃木県","2026-18","2026-05-03",0,0.011666666666666667,0,NA,NA,NA
"ヘルパンギーナ","栃木県","2026-18","2026-05-03",0,0.013333333333333334,0,6,0,0
"マイコプラズマ肺炎","栃木県","2026-18","2026-05-03",0,0.0475,0,NA,NA,NA
"伝染性紅斑","栃木県","2026-18","2026-05-03",0,1.5649999999999997,0,2,0,0
"咽頭結膜熱","栃木県","2026-18","2026-05-03",0.07,0.2,0.35,3,0.02,0.6364
"感染性胃腸炎","栃木県","2026-18","2026-05-03",2.15,3.5058333333333334,0.61,20,0.11,0.5643
"感染性胃腸炎（ロタウイルス）","栃木県","2026-18","2026-05-03",0.14,0.08416666666666667,1.66,NA,NA,1
"手足口病","栃木県","2026-18","2026-05-03",0.04,0.085,0.47,5,0.01,1
"新型コロナウイルス","栃木県","2026-18","2026-05-03",0.55,2.67375,0.21,NA,NA,1.9643
"水痘","栃木県","2026-18","2026-05-03",0.11,0.11916666666666667,0.92,2,0.06,0.4231
"流行性耳下腺炎","栃木県","2026-18","2026-05-03",0.04,0.0625,0.64,6,0.01,NA
"流行性角結膜炎","栃木県","2026-18","2026-05-03",0.5,0.84,0.6,8,0.06,0.463
"無菌性髄膜炎","栃木県","2026-18","2026-05-03",0,0.035833333333333335,0,NA,NA,NA
"突発性発しん","栃木県","2026-18","2026-05-03",0.33,0.39166666666666666,0.84,NA,NA,0.6875
"細菌性髄膜炎","栃木県","2026-18","2026-05-03",0,0.023333333333333334,0,NA,NA,NA
"A群溶血性レンサ球菌咽頭炎","沖縄県","2026-18","2026-05-03",1.67,2.0125,0.83,8,0.21,1.2946
"RSウイルス","沖縄県","2026-18","2026-05-03",0.5,1.0641666666666665,0.47,NA,NA,0.5682
"インフルエンザ","沖縄県","2026-18","2026-05-03",2.77,2.3041666666666667,1.2,30,0.09,0.7084
"ヘルパンギーナ","沖縄県","2026-18","2026-05-03",0.29,0.16999999999999998,1.71,6,0.05,1.381
"マイコプラズマ肺炎","沖縄県","2026-18","2026-05-03",0.14,0.6900000000000001,0.2,NA,NA,NA
"伝染性紅斑","沖縄県","2026-18","2026-05-03",0.04,0.14833333333333332,0.27,2,0.02,NA
"咽頭結膜熱","沖縄県","2026-18","2026-05-03",0.5,0.4475,1.12,3,0.17,1.5152
"急性出血性結膜炎","沖縄県","2026-18","2026-05-03",0,0.010833333333333334,0,1,0,NA
"感染性胃腸炎","沖縄県","2026-18","2026-05-03",4.54,2.694166666666667,1.69,20,0.23,1.3121
"感染性胃腸炎（ロタウイルス）","沖縄県","2026-18","2026-05-03",0,0.0725,0,NA,NA,NA
"手足口病","沖縄県","2026-18","2026-05-03",0.21,1.9016666666666664,0.11,5,0.04,1.6154
"新型コロナウイルス","沖縄県","2026-18","2026-05-03",1.3,4.2125,0.31,NA,NA,1.1207
"水痘","沖縄県","2026-18","2026-05-03",0.46,0.43916666666666665,1.05,2,0.23,0.4792
"流行性耳下腺炎","沖縄県","2026-18","2026-05-03",0,0.08333333333333333,0,6,0,NA
"流行性角結膜炎","沖縄県","2026-18","2026-05-03",1.33,2.4708333333333337,0.54,8,0.17,0.7472
"無菌性髄膜炎","沖縄県","2026-18","2026-05-03",0.29,0.011666666666666667,24.86,NA,NA,NA
"突発性発しん","沖縄県","2026-18","2026-05-03",0.21,0.20083333333333334,1.05,NA,NA,2.625
"細菌性髄膜炎","沖縄県","2026-18","2026-05-03",0,0.035833333333333335,0,NA,NA,NA
"A群溶血性レンサ球菌咽頭炎","滋賀県","2026-18","2026-05-03",1.43,1.4641666666666666,0.98,8,0.18,0.5885
"RSウイルス","滋賀県","2026-18","2026-05-03",0.26,1.1275000000000002,0.23,NA,NA,0.7429
"インフルエンザ","滋賀県","2026-18","2026-05-03",0.36,1.3441666666666667,0.27,30,0.01,1.2857
"ヘルパンギーナ","滋賀県","2026-18","2026-05-03",0,0.05583333333333333,0,6,0,0
"マイコプラズマ肺炎","滋賀県","2026-18","2026-05-03",0.14,0.10583333333333335,1.32,NA,NA,NA
"伝染性紅斑","滋賀県","2026-18","2026-05-03",0.04,0.2258333333333333,0.18,2,0.02,NA
"咽頭結膜熱","滋賀県","2026-18","2026-05-03",0.26,0.29000000000000004,0.9,3,0.09,2
"感染性胃腸炎","滋賀県","2026-18","2026-05-03",3.43,3.914166666666667,0.88,20,0.17,0.927
"感染性胃腸炎（ロタウイルス）","滋賀県","2026-18","2026-05-03",0,0.011666666666666667,0,NA,NA,NA
"手足口病","滋賀県","2026-18","2026-05-03",0.13,0.13583333333333333,0.96,5,0.03,0.7647
"新型コロナウイルス","滋賀県","2026-18","2026-05-03",0.51,2.185,0.23,NA,NA,0.8226
"水痘","滋賀県","2026-18","2026-05-03",0.39,0.165,2.36,2,0.2,1.1143
"流行性耳下腺炎","滋賀県","2026-18","2026-05-03",0.09,0.050833333333333335,1.77,6,0.01,2.25
"流行性角結膜炎","滋賀県","2026-18","2026-05-03",0,0.055,0,8,0,NA
"無菌性髄膜炎","滋賀県","2026-18","2026-05-03",0.14,0.035,4,NA,NA,1
"突発性発しん","滋賀県","2026-18","2026-05-03",0.22,0.23583333333333334,0.93,NA,NA,2.4444
"細菌性髄膜炎","滋賀県","2026-18","2026-05-03",0,0.011666666666666667,0,NA,NA,NA
"A群溶血性レンサ球菌咽頭炎","熊本県","2026-18","2026-05-03",4.23,1.9258333333333335,2.2,8,0.53,1.1983
"RSウイルス","熊本県","2026-18","2026-05-03",0.26,0.615,0.42,NA,NA,0.5778
"インフルエンザ","熊本県","2026-18","2026-05-03",0.23,1.0241666666666667,0.22,30,0.01,0.6216
"ヘルパンギーナ","熊本県","2026-18","2026-05-03",0.23,0.8183333333333334,0.28,6,0.04,1.7692
"マイコプラズマ肺炎","熊本県","2026-18","2026-05-03",0.07,0.15583333333333335,0.45,NA,NA,0.5385
"伝染性紅斑","熊本県","2026-18","2026-05-03",0.21,0.10833333333333335,1.94,2,0.1,0.7
"咽頭結膜熱","熊本県","2026-18","2026-05-03",0.26,0.2975,0.87,3,0.09,1.1304
"感染性胃腸炎","熊本県","2026-18","2026-05-03",4,5.6850000000000005,0.7,20,0.2,1.1331
"感染性胃腸炎（ロタウイルス）","熊本県","2026-18","2026-05-03",0.07,0.05583333333333334,1.25,NA,NA,NA
"手足口病","熊本県","2026-18","2026-05-03",1.26,0.32583333333333336,3.87,5,0.25,2.4706
"新型コロナウイルス","熊本県","2026-18","2026-05-03",0.35,2.0375,0.17,NA,NA,0.7292
"水痘","熊本県","2026-18","2026-05-03",0.38,0.17500000000000002,2.17,2,0.19,1.4615
"流行性耳下腺炎","熊本県","2026-18","2026-05-03",0.02,0.034166666666666665,0.59,6,0,0.1818
"流行性角結膜炎","熊本県","2026-18","2026-05-03",0.22,0.8925,0.25,8,0.03,0.5
"無菌性髄膜炎","熊本県","2026-18","2026-05-03",0.2,0.023333333333333334,8.57,NA,NA,2.8571
"突発性発しん","熊本県","2026-18","2026-05-03",0.68,0.5675,1.2,NA,NA,1.2364
"細菌性髄膜炎","熊本県","2026-18","2026-05-03",0,0.011666666666666667,0,NA,NA,NA
"A群溶血性レンサ球菌咽頭炎","石川県","2026-18","2026-05-03",6.14,1.8158333333333334,3.38,8,0.77,1.3986
"RSウイルス","石川県","2026-18","2026-05-03",0.32,1.1391666666666667,0.28,NA,NA,0.5246
"インフルエンザ","石川県","2026-18","2026-05-03",0.79,1.075,0.73,30,0.03,0.8404
"ヘルパンギーナ","石川県","2026-18","2026-05-03",0.14,0.1825,0.77,6,0.02,1
"マイコプラズマ肺炎","石川県","2026-18","2026-05-03",0,0.13333333333333333,0,NA,NA,NA
"伝染性紅斑","石川県","2026-18","2026-05-03",0,0.8016666666666666,0,2,0,NA
"咽頭結膜熱","石川県","2026-18","2026-05-03",0.36,0.38666666666666666,0.93,3,0.12,1.44
"急性出血性結膜炎","石川県","2026-18","2026-05-03",0,0.26166666666666666,0,1,0,NA
"感染性胃腸炎","石川県","2026-18","2026-05-03",8.43,9.893333333333333,0.85,20,0.42,1.2489
"感染性胃腸炎（ロタウイルス）","石川県","2026-18","2026-05-03",0,0.06666666666666667,0,NA,NA,0
"手足口病","石川県","2026-18","2026-05-03",0.93,0.31,3,5,0.19,2.3846
"新型コロナウイルス","石川県","2026-18","2026-05-03",0.53,2.62125,0.2,NA,NA,0.8833
"水痘","石川県","2026-18","2026-05-03",0.54,0.185,2.92,2,0.27,1.3846
"流行性耳下腺炎","石川県","2026-18","2026-05-03",0.04,0.018333333333333333,2.18,6,0.01,NA
"流行性角結膜炎","石川県","2026-18","2026-05-03",0.43,0.8350000000000001,0.51,8,0.05,0.5
"無菌性髄膜炎","石川県","2026-18","2026-05-03",0,0.016666666666666666,0,NA,NA,NA
"突発性発しん","石川県","2026-18","2026-05-03",0.11,0.24416666666666667,0.45,NA,NA,0.7857
"A群溶血性レンサ球菌咽頭炎","神奈川県","2026-18","2026-05-03",2.72,1.8424999999999998,1.48,8,0.34,1.1102
"RSウイルス","神奈川県","2026-18","2026-05-03",0.29,0.6066666666666667,0.48,NA,NA,1.2609
"インフルエンザ","神奈川県","2026-18","2026-05-03",0.22,1.1475000000000002,0.19,30,0.01,0.5946
"ヘルパンギーナ","神奈川県","2026-18","2026-05-03",0.01,0.042499999999999996,0.24,6,0,1
"マイコプラズマ肺炎","神奈川県","2026-18","2026-05-03",0.17,0.11166666666666666,1.52,NA,NA,2.125
"伝染性紅斑","神奈川県","2026-18","2026-05-03",0.03,0.48083333333333333,0.06,2,0.01,0.5
"咽頭結膜熱","神奈川県","2026-18","2026-05-03",0.14,0.19999999999999998,0.7,3,0.05,1.4
"急性出血性結膜炎","神奈川県","2026-18","2026-05-03",0,0.043333333333333335,0,1,0,NA
"感染性胃腸炎","神奈川県","2026-18","2026-05-03",4.11,4.194166666666667,0.98,20,0.21,0.9073
"感染性胃腸炎（ロタウイルス）","神奈川県","2026-18","2026-05-03",0,0.059166666666666666,0,NA,NA,0
"手足口病","神奈川県","2026-18","2026-05-03",0.02,0.08,0.25,5,0,0.4
"新型コロナウイルス","神奈川県","2026-18","2026-05-03",0.44,1.96625,0.22,NA,NA,0.6875
"水痘","神奈川県","2026-18","2026-05-03",0.34,0.375,0.91,2,0.17,0.8293
"流行性耳下腺炎","神奈川県","2026-18","2026-05-03",0.09,0.055,1.64,6,0.01,3
"流行性角結膜炎","神奈川県","2026-18","2026-05-03",0.84,1.1425,0.74,8,0.1,1.4237
"無菌性髄膜炎","神奈川県","2026-18","2026-05-03",0.17,0.10666666666666666,1.59,NA,NA,1
"突発性発しん","神奈川県","2026-18","2026-05-03",0.38,0.275,1.38,NA,NA,1.1515
"細菌性髄膜炎","神奈川県","2026-18","2026-05-03",0.08,0.013333333333333334,6,NA,NA,NA
"A群溶血性レンサ球菌咽頭炎","福井県","2026-18","2026-05-03",3.44,2.2433333333333336,1.53,8,0.43,0.9247
"RSウイルス","福井県","2026-18","2026-05-03",0.32,2.7783333333333333,0.12,NA,NA,0.8889
"インフルエンザ","福井県","2026-18","2026-05-03",0.51,0.9175,0.56,30,0.02,0.4857
"ヘルパンギーナ","福井県","2026-18","2026-05-03",0.28,0.3533333333333334,0.79,6,0.05,1
"マイコプラズマ肺炎","福井県","2026-18","2026-05-03",0.33,0.6941666666666667,0.48,NA,NA,NA
"伝染性紅斑","福井県","2026-18","2026-05-03",0.12,0.22,0.55,2,0.06,1.5
"咽頭結膜熱","福井県","2026-18","2026-05-03",0.28,0.6758333333333333,0.41,3,0.09,0.7778
"感染性胃腸炎","福井県","2026-18","2026-05-03",5.32,6.479166666666666,0.82,20,0.27,1.0472
"感染性胃腸炎（ロタウイルス）","福井県","2026-18","2026-05-03",0.33,0.07,4.71,NA,NA,1
"手足口病","福井県","2026-18","2026-05-03",1.88,1.1633333333333333,1.62,5,0.38,1.175
"新型コロナウイルス","福井県","2026-18","2026-05-03",0.92,1.7200000000000002,0.53,NA,NA,0.7603
"水痘","福井県","2026-18","2026-05-03",0.48,0.10666666666666666,4.5,2,0.24,3
"流行性耳下腺炎","福井県","2026-18","2026-05-03",0,0.050833333333333335,0,6,0,NA
"流行性角結膜炎","福井県","2026-18","2026-05-03",0,0.13916666666666666,0,8,0,NA
"無菌性髄膜炎","福井県","2026-18","2026-05-03",0,0.07,0,NA,NA,NA
"突発性発しん","福井県","2026-18","2026-05-03",0.2,0.29,0.69,NA,NA,1
"細菌性髄膜炎","福井県","2026-18","2026-05-03",0,0.05583333333333333,0,NA,NA,NA
"A群溶血性レンサ球菌咽頭炎","福岡県","2026-18","2026-05-03",5.03,3.815833333333333,1.32,8,0.63,0.9145
"RSウイルス","福岡県","2026-18","2026-05-03",1.16,1.3675000000000002,0.85,NA,NA,0.6444
"インフルエンザ","福岡県","2026-18","2026-05-03",0.21,1.2608333333333335,0.17,30,0.01,0.5385
"ヘルパンギーナ","福岡県","2026-18","2026-05-03",0.34,0.3075,1.11,6,0.06,2
"マイコプラズマ肺炎","福岡県","2026-18","2026-05-03",0,0.09916666666666667,0,NA,NA,0
"伝染性紅斑","福岡県","2026-18","2026-05-03",0.03,0.31916666666666665,0.09,2,0.01,1
"咽頭結膜熱","福岡県","2026-18","2026-05-03",0.76,0.4941666666666667,1.54,3,0.25,0.8444
"急性出血性結膜炎","福岡県","2026-18","2026-05-03",0,0.02333333333333333,0,1,0,NA
"感染性胃腸炎","福岡県","2026-18","2026-05-03",4.54,6.314166666666667,0.72,20,0.23,0.7643
"感染性胃腸炎（ロタウイルス）","福岡県","2026-18","2026-05-03",0,0.13416666666666666,0,NA,NA,0
"手足口病","福岡県","2026-18","2026-05-03",1.14,0.3925,2.9,5,0.23,1.3103
"新型コロナウイルス","福岡県","2026-18","2026-05-03",0.43,1.8162500000000001,0.24,NA,NA,1.2286
"水痘","福岡県","2026-18","2026-05-03",0.67,0.3125,2.14,2,0.34,0.9178
"流行性耳下腺炎","福岡県","2026-18","2026-05-03",0.06,0.07416666666666667,0.81,6,0.01,0.8571
"流行性角結膜炎","福岡県","2026-18","2026-05-03",0.65,0.35083333333333333,1.85,8,0.08,0.471
"無菌性髄膜炎","福岡県","2026-18","2026-05-03",0,0.0175,0,NA,NA,NA
"突発性発しん","福岡県","2026-18","2026-05-03",0.49,0.4266666666666667,1.15,NA,NA,1
"細菌性髄膜炎","福岡県","2026-18","2026-05-03",0.07,0.011666666666666667,6,NA,NA,NA
"A群溶血性レンサ球菌咽頭炎","福島県","2026-18","2026-05-03",2.75,2.4966666666666666,1.1,8,0.34,1.2222
"RSウイルス","福島県","2026-18","2026-05-03",0.25,1.0225,0.24,NA,NA,0.5
"インフルエンザ","福島県","2026-18","2026-05-03",0.67,2.194166666666667,0.31,30,0.02,0.8072
"クラミジア肺炎","福島県","2026-18","2026-05-03",0,0.011666666666666667,0,NA,NA,NA
"ヘルパンギーナ","福島県","2026-18","2026-05-03",0,0.008333333333333333,0,6,0,NA
"マイコプラズマ肺炎","福島県","2026-18","2026-05-03",0.14,0.1075,1.3,NA,NA,0.4828
"伝染性紅斑","福島県","2026-18","2026-05-03",0,1.11,0,2,0,NA
"咽頭結膜熱","福島県","2026-18","2026-05-03",0.07,0.4716666666666667,0.15,3,0.02,0.2188
"急性出血性結膜炎","福島県","2026-18","2026-05-03",0,0.006666666666666667,0,1,0,NA
"感染性胃腸炎","福島県","2026-18","2026-05-03",4.82,4.1775,1.15,20,0.24,0.9718
"感染性胃腸炎（ロタウイルス）","福島県","2026-18","2026-05-03",0,0.09499999999999999,0,NA,NA,NA
"手足口病","福島県","2026-18","2026-05-03",0.04,0.06,0.67,5,0.01,0.5714
"新型コロナウイルス","福島県","2026-18","2026-05-03",1.27,2.75875,0.46,NA,NA,1
"水痘","福島県","2026-18","2026-05-03",0.57,0.3025,1.88,2,0.28,0.6951
"流行性耳下腺炎","福島県","2026-18","2026-05-03",0.14,0.060833333333333336,2.3,6,0.02,NA
"流行性角結膜炎","福島県","2026-18","2026-05-03",0.15,1.4608333333333334,0.1,8,0.02,0.4839
"突発性発しん","福島県","2026-18","2026-05-03",0.46,0.33666666666666667,1.37,NA,NA,1.4375
"細菌性髄膜炎","福島県","2026-18","2026-05-03",0,0.011666666666666667,0,NA,NA,NA
"A群溶血性レンサ球菌咽頭炎","秋田県","2026-18","2026-05-03",1.77,1.9908333333333332,0.89,8,0.22,0.9568
"RSウイルス","秋田県","2026-18","2026-05-03",0.23,0.21166666666666667,1.09,NA,NA,1
"インフルエンザ","秋田県","2026-18","2026-05-03",0.72,3.445,0.21,30,0.02,0.8571
"ヘルパンギーナ","秋田県","2026-18","2026-05-03",0,0.03,0,6,0,NA
"マイコプラズマ肺炎","秋田県","2026-18","2026-05-03",0,0.19833333333333333,0,NA,NA,NA
"伝染性紅斑","秋田県","2026-18","2026-05-03",0.31,0.16166666666666668,1.92,2,0.16,NA
"咽頭結膜熱","秋田県","2026-18","2026-05-03",0.23,0.24333333333333335,0.95,3,0.08,0.7419
"急性出血性結膜炎","秋田県","2026-18","2026-05-03",0.14,0.075,1.87,1,0.14,1
"感染性胃腸炎","秋田県","2026-18","2026-05-03",4.15,2.8483333333333336,1.46,20,0.21,0.83
"手足口病","秋田県","2026-18","2026-05-03",0.15,0.06333333333333332,2.37,5,0.03,NA
"新型コロナウイルス","秋田県","2026-18","2026-05-03",2.12,4.325,0.49,NA,NA,1.2045
"水痘","秋田県","2026-18","2026-05-03",0.46,0.18666666666666665,2.46,2,0.23,1
"流行性耳下腺炎","秋田県","2026-18","2026-05-03",0.08,0.0025,32,6,0.01,0.5333
"流行性角結膜炎","秋田県","2026-18","2026-05-03",0.29,0.195,1.49,8,0.04,2.0714
"突発性発しん","秋田県","2026-18","2026-05-03",0.23,0.13083333333333333,1.76,NA,NA,NA
"細菌性髄膜炎","秋田県","2026-18","2026-05-03",0,0.010833333333333334,0,NA,NA,NA
"A群溶血性レンサ球菌咽頭炎","群馬県","2026-18","2026-05-03",4.6,1.925,2.39,8,0.58,1.1979
"RSウイルス","群馬県","2026-18","2026-05-03",0.4,0.8150000000000001,0.49,NA,NA,1.4286
"インフルエンザ","群馬県","2026-18","2026-05-03",0.27,1.9599999999999997,0.14,30,0.01,0.7105
"ヘルパンギーナ","群馬県","2026-18","2026-05-03",0,0.10083333333333334,0,6,0,0
"マイコプラズマ肺炎","群馬県","2026-18","2026-05-03",0.56,0.11,5.09,NA,NA,1.697
"伝染性紅斑","群馬県","2026-18","2026-05-03",0,1.1266666666666667,0,2,0,0
"咽頭結膜熱","群馬県","2026-18","2026-05-03",0.4,0.48000000000000004,0.83,3,0.13,1.1111
"感染性胃腸炎","群馬県","2026-18","2026-05-03",7.2,5.5175,1.3,20,0.36,1.2162
"感染性胃腸炎（ロタウイルス）","群馬県","2026-18","2026-05-03",0,0.20333333333333334,0,NA,NA,0
"手足口病","群馬県","2026-18","2026-05-03",0.04,0.5758333333333333,0.07,5,0.01,1
"新型コロナウイルス","群馬県","2026-18","2026-05-03",0.67,2.3725,0.28,NA,NA,0.6262
"水痘","群馬県","2026-18","2026-05-03",0.4,0.19666666666666666,2.03,2,0.2,0.4545
"流行性耳下腺炎","群馬県","2026-18","2026-05-03",0.04,0.09083333333333334,0.44,6,0.01,0.5
"流行性角結膜炎","群馬県","2026-18","2026-05-03",0.5,0.4716666666666667,1.06,8,0.06,1.6667
"突発性発しん","群馬県","2026-18","2026-05-03",0.44,0.3983333333333334,1.1,NA,NA,1.2222
"細菌性髄膜炎","群馬県","2026-18","2026-05-03",0,0.0275,0,NA,NA,NA
"A群溶血性レンサ球菌咽頭炎","茨城県","2026-18","2026-05-03",6.78,3.664166666666667,1.85,8,0.85,1.3479
"RSウイルス","茨城県","2026-18","2026-05-03",0.35,0.5358333333333334,0.65,NA,NA,1
"インフルエンザ","茨城県","2026-18","2026-05-03",0.24,1.4133333333333333,0.17,30,0.01,0.5581
"ヘルパンギーナ","茨城県","2026-18","2026-05-03",0,0.04833333333333334,0,6,0,0
"マイコプラズマ肺炎","茨城県","2026-18","2026-05-03",0.31,0.12083333333333333,2.57,NA,NA,1.3478
"伝染性紅斑","茨城県","2026-18","2026-05-03",0,0.7066666666666666,0,2,0,0
"咽頭結膜熱","茨城県","2026-18","2026-05-03",0.19,0.3441666666666667,0.55,3,0.06,0.7037
"急性出血性結膜炎","茨城県","2026-18","2026-05-03",0,0.015,0,1,0,NA
"感染性胃腸炎","茨城県","2026-18","2026-05-03",4.95,4.785,1.03,20,0.25,1.0577
"感染性胃腸炎（ロタウイルス）","茨城県","2026-18","2026-05-03",0.08,0.006666666666666667,12,NA,NA,NA
"手足口病","茨城県","2026-18","2026-05-03",0.08,0.12083333333333333,0.66,5,0.02,1.6
"新型コロナウイルス","茨城県","2026-18","2026-05-03",0.85,2.7675,0.31,NA,NA,0.9659
"水痘","茨城県","2026-18","2026-05-03",0.22,0.22083333333333333,1,2,0.11,0.8148
"流行性耳下腺炎","茨城県","2026-18","2026-05-03",0,0.043333333333333335,0,6,0,0
"流行性角結膜炎","茨城県","2026-18","2026-05-03",0.76,1.8591666666666666,0.41,8,0.1,0.76
"無菌性髄膜炎","茨城県","2026-18","2026-05-03",0,0.013333333333333334,0,NA,NA,NA
"突発性発しん","茨城県","2026-18","2026-05-03",0.24,0.17,1.41,NA,NA,0.75
"細菌性髄膜炎","茨城県","2026-18","2026-05-03",0,0.006666666666666667,0,NA,NA,NA
"A群溶血性レンサ球菌咽頭炎","長崎県","2026-18","2026-05-03",4.03,2.495,1.62,8,0.5,0.8326
"RSウイルス","長崎県","2026-18","2026-05-03",1.32,1.1141666666666667,1.18,NA,NA,0.9296
"インフルエンザ","長崎県","2026-18","2026-05-03",0.16,1.0841666666666667,0.15,30,0.01,0.3902
"ヘルパンギーナ","長崎県","2026-18","2026-05-03",0.1,0.9233333333333332,0.11,6,0.02,NA
"マイコプラズマ肺炎","長崎県","2026-18","2026-05-03",0,0.13083333333333333,0,NA,NA,0
"伝染性紅斑","長崎県","2026-18","2026-05-03",0.23,0.0975,2.36,2,0.12,1
"咽頭結膜熱","長崎県","2026-18","2026-05-03",0.9,0.5841666666666666,1.54,3,0.3,1.1111
"急性出血性結膜炎","長崎県","2026-18","2026-05-03",0.13,0.11583333333333333,1.12,1,0.13,NA
"感染性胃腸炎","長崎県","2026-18","2026-05-03",3.65,4.5008333333333335,0.81,20,0.18,1.1196
"感染性胃腸炎（ロタウイルス）","長崎県","2026-18","2026-05-03",0.08,0.19499999999999998,0.41,NA,NA,NA
"手足口病","長崎県","2026-18","2026-05-03",0.48,0.3116666666666667,1.54,5,0.1,1.3714
"新型コロナウイルス","長崎県","2026-18","2026-05-03",0.16,1.8612499999999996,0.09,NA,NA,1.3333
"水痘","長崎県","2026-18","2026-05-03",0.81,0.21166666666666667,3.83,2,0.41,3.1154
"流行性耳下腺炎","長崎県","2026-18","2026-05-03",0.1,0.028333333333333332,3.53,6,0.02,3.3333
"流行性角結膜炎","長崎県","2026-18","2026-05-03",0.63,1.0133333333333332,0.62,8,0.08,0.4565
"無菌性髄膜炎","長崎県","2026-18","2026-05-03",0,0.013333333333333334,0,NA,NA,NA
"突発性発しん","長崎県","2026-18","2026-05-03",0.29,0.3091666666666667,0.94,NA,NA,0.6905
"細菌性髄膜炎","長崎県","2026-18","2026-05-03",0,0.034166666666666665,0,NA,NA,NA
"A群溶血性レンサ球菌咽頭炎","長野県","2026-18","2026-05-03",4.64,1.7833333333333332,2.6,8,0.58,1.6224
"RSウイルス","長野県","2026-18","2026-05-03",0.07,0.4825,0.15,NA,NA,0.3889
"インフルエンザ","長野県","2026-18","2026-05-03",1.06,2.0633333333333335,0.51,30,0.04,0.803
"ヘルパンギーナ","長野県","2026-18","2026-05-03",0,0.015000000000000001,0,6,0,NA
"マイコプラズマ肺炎","長野県","2026-18","2026-05-03",0.17,0.105,1.62,NA,NA,2.125
"伝染性紅斑","長野県","2026-18","2026-05-03",0.04,0.6008333333333333,0.07,2,0.02,0.2857
"咽頭結膜熱","長野県","2026-18","2026-05-03",0.32,0.2683333333333333,1.19,3,0.11,1
"急性出血性結膜炎","長野県","2026-18","2026-05-03",0,0.016666666666666666,0,1,0,NA
"感染性胃腸炎","長野県","2026-18","2026-05-03",8.54,5.305,1.61,20,0.43,1.2395
"感染性胃腸炎（ロタウイルス）","長野県","2026-18","2026-05-03",0.17,0.020833333333333332,8.16,NA,NA,0.68
"手足口病","長野県","2026-18","2026-05-03",0,0.03833333333333333,0,5,0,0
"新型コロナウイルス","長野県","2026-18","2026-05-03",1,3.35,0.3,NA,NA,0.8772
"水痘","長野県","2026-18","2026-05-03",0.25,0.11750000000000001,2.13,2,0.12,0.5814
"流行性耳下腺炎","長野県","2026-18","2026-05-03",0.04,0.03166666666666667,1.26,6,0.01,1
"流行性角結膜炎","長野県","2026-18","2026-05-03",0.6,1.4300000000000002,0.42,8,0.07,1.2
"無菌性髄膜炎","長野県","2026-18","2026-05-03",0.08,0.014166666666666668,5.65,NA,NA,0.32
"突発性発しん","長野県","2026-18","2026-05-03",0.36,0.22416666666666668,1.61,NA,NA,1.7143
"A群溶血性レンサ球菌咽頭炎","青森県","2026-18","2026-05-03",3.06,1.2633333333333332,2.42,8,0.38,1.1815
"RSウイルス","青森県","2026-18","2026-05-03",0.41,0.4575,0.9,NA,NA,0.7321
"インフルエンザ","青森県","2026-18","2026-05-03",0.69,2.736666666666667,0.25,30,0.02,0.6765
"ヘルパンギーナ","青森県","2026-18","2026-05-03",0,0.011666666666666667,0,6,0,NA
"マイコプラズマ肺炎","青森県","2026-18","2026-05-03",0.67,0.445,1.51,NA,NA,NA
"伝染性紅斑","青森県","2026-18","2026-05-03",0,0.47750000000000004,0,2,0,NA
"咽頭結膜熱","青森県","2026-18","2026-05-03",0.32,0.44999999999999996,0.71,3,0.11,0.7273
"感染性胃腸炎","青森県","2026-18","2026-05-03",3.21,3.2558333333333334,0.99,20,0.16,1.1383
"手足口病","青森県","2026-18","2026-05-03",0,0.08499999999999999,0,5,0,0
"新型コロナウイルス","青森県","2026-18","2026-05-03",0.94,4.0225,0.23,NA,NA,0.8393
"水痘","青森県","2026-18","2026-05-03",0.15,0.37833333333333335,0.4,2,0.07,0.4688
"流行性耳下腺炎","青森県","2026-18","2026-05-03",0.03,0.03166666666666666,0.95,6,0,0.5
"流行性角結膜炎","青森県","2026-18","2026-05-03",0,0.07500000000000001,0,8,0,0
"無菌性髄膜炎","青森県","2026-18","2026-05-03",0,0.014166666666666668,0,NA,NA,NA
"突発性発しん","青森県","2026-18","2026-05-03",0.41,0.26,1.58,NA,NA,2.2778
"細菌性髄膜炎","青森県","2026-18","2026-05-03",0,0.028333333333333335,0,NA,NA,NA
"A群溶血性レンサ球菌咽頭炎","静岡県","2026-18","2026-05-03",1.92,1.6091666666666666,1.19,8,0.24,0.8807
"RSウイルス","静岡県","2026-18","2026-05-03",0.32,0.845,0.38,NA,NA,0.6531
"インフルエンザ","静岡県","2026-18","2026-05-03",0.12,1.4108333333333334,0.09,30,0,0.5217
"ヘルパンギーナ","静岡県","2026-18","2026-05-03",0.05,0.029166666666666664,1.71,6,0.01,1.6667
"マイコプラズマ肺炎","静岡県","2026-18","2026-05-03",0.3,0.14166666666666666,2.12,NA,NA,NA
"伝染性紅斑","静岡県","2026-18","2026-05-03",0,0.6283333333333333,0,2,0,0
"咽頭結膜熱","静岡県","2026-18","2026-05-03",0.24,0.37583333333333335,0.64,3,0.08,1.2632
"急性出血性結膜炎","静岡県","2026-18","2026-05-03",0,0.004166666666666667,0,1,0,0
"感染性胃腸炎","静岡県","2026-18","2026-05-03",2.3,4.141666666666667,0.56,20,0.11,0.6609
"手足口病","静岡県","2026-18","2026-05-03",0.59,0.0825,7.15,5,0.12,1.5946
"新型コロナウイルス","静岡県","2026-18","2026-05-03",0.58,2.1412500000000003,0.27,NA,NA,0.8056
"水痘","静岡県","2026-18","2026-05-03",0.18,0.10166666666666667,1.77,2,0.09,0.8571
"流行性耳下腺炎","静岡県","2026-18","2026-05-03",0.05,0.045,1.11,6,0.01,0.8333
"流行性角結膜炎","静岡県","2026-18","2026-05-03",0.18,0.235,0.77,8,0.02,3.6
"無菌性髄膜炎","静岡県","2026-18","2026-05-03",0,0.03333333333333333,0,NA,NA,0
"突発性発しん","静岡県","2026-18","2026-05-03",0.24,0.26333333333333336,0.91,NA,NA,0.6667
"細菌性髄膜炎","静岡県","2026-18","2026-05-03",0.1,0.03333333333333333,3,NA,NA,1
"A群溶血性レンサ球菌咽頭炎","香川県","2026-18","2026-05-03",1,1.5191666666666668,0.66,8,0.12,0.7634
"RSウイルス","香川県","2026-18","2026-05-03",0.23,0.7333333333333334,0.31,NA,NA,0.6053
"インフルエンザ","香川県","2026-18","2026-05-03",0.09,1.325,0.07,30,0,0.2571
"ヘルパンギーナ","香川県","2026-18","2026-05-03",0.23,0.2475,0.93,6,0.04,0.4259
"マイコプラズマ肺炎","香川県","2026-18","2026-05-03",0,0.23333333333333334,0,NA,NA,0
"伝染性紅斑","香川県","2026-18","2026-05-03",0.15,0.06416666666666666,2.34,2,0.07,NA
"咽頭結膜熱","香川県","2026-18","2026-05-03",0,0.25166666666666665,0,3,0,0
"感染性胃腸炎","香川県","2026-18","2026-05-03",5.31,7.6691666666666665,0.69,20,0.27,1
"感染性胃腸炎（ロタウイルス）","香川県","2026-18","2026-05-03",0.2,0.20000000000000004,1,NA,NA,NA
"手足口病","香川県","2026-18","2026-05-03",0.08,0.15083333333333332,0.53,5,0.02,0.5333
"新型コロナウイルス","香川県","2026-18","2026-05-03",0.48,1.79125,0.27,NA,NA,2.1818
"水痘","香川県","2026-18","2026-05-03",0.15,0.10833333333333334,1.38,2,0.07,NA
"流行性耳下腺炎","香川県","2026-18","2026-05-03",0,0.04583333333333334,0,6,0,0
"流行性角結膜炎","香川県","2026-18","2026-05-03",0,0.13333333333333336,0,8,0,0
"無菌性髄膜炎","香川県","2026-18","2026-05-03",0,0.016666666666666666,0,NA,NA,NA
"突発性発しん","香川県","2026-18","2026-05-03",0.15,0.45499999999999996,0.33,NA,NA,0.4839
"細菌性髄膜炎","香川県","2026-18","2026-05-03",0,0.05,0,NA,NA,NA
"A群溶血性レンサ球菌咽頭炎","高知県","2026-18","2026-05-03",1.9,1.6008333333333333,1.19,8,0.24,0.9268
"RSウイルス","高知県","2026-18","2026-05-03",0.65,0.885,0.73,NA,NA,1
"インフルエンザ","高知県","2026-18","2026-05-03",0.05,1.435,0.03,30,0,1.6667
"ヘルパンギーナ","高知県","2026-18","2026-05-03",0.05,0.605,0.08,6,0.01,NA
"マイコプラズマ肺炎","高知県","2026-18","2026-05-03",0,0.24250000000000002,0,NA,NA,0
"伝染性紅斑","高知県","2026-18","2026-05-03",0.2,0.24916666666666668,0.8,2,0.1,0.5714
"咽頭結膜熱","高知県","2026-18","2026-05-03",0.2,0.24,0.83,3,0.07,0.8
"感染性胃腸炎","高知県","2026-18","2026-05-03",2.25,2.6516666666666664,0.85,20,0.11,0.7031
"感染性胃腸炎（ロタウイルス）","高知県","2026-18","2026-05-03",0,0.06333333333333334,0,NA,NA,NA
"手足口病","高知県","2026-18","2026-05-03",0.05,0.37166666666666665,0.13,5,0.01,NA
"新型コロナウイルス","高知県","2026-18","2026-05-03",0.24,1.9812500000000002,0.12,NA,NA,1.5
"水痘","高知県","2026-18","2026-05-03",0.05,0.1825,0.27,2,0.03,0.5
"流行性耳下腺炎","高知県","2026-18","2026-05-03",0,0.02,0,6,0,NA
"流行性角結膜炎","高知県","2026-18","2026-05-03",0,0.25,0,8,0,NA
"無菌性髄膜炎","高知県","2026-18","2026-05-03",0,0.010833333333333334,0,NA,NA,NA
"突発性発しん","高知県","2026-18","2026-05-03",0.55,0.1825,3.01,NA,NA,0.7857
"細菌性髄膜炎","高知県","2026-18","2026-05-03",0,0.021666666666666667,0,NA,NA,NA
"A群溶血性レンサ球菌咽頭炎","鳥取県","2026-18","2026-05-03",6.95,4.0125,1.73,8,0.87,0.9495
"RSウイルス","鳥取県","2026-18","2026-05-03",0.47,0.5008333333333334,0.94,NA,NA,0.8103
"インフルエンザ","鳥取県","2026-18","2026-05-03",0.48,1.8441666666666665,0.26,30,0.02,0.8136
"クラミジア肺炎","鳥取県","2026-18","2026-05-03",0,0.016666666666666666,0,NA,NA,NA
"ヘルパンギーナ","鳥取県","2026-18","2026-05-03",0,0.02666666666666667,0,6,0,NA
"マイコプラズマ肺炎","鳥取県","2026-18","2026-05-03",0,0.09999999999999999,0,NA,NA,0
"伝染性紅斑","鳥取県","2026-18","2026-05-03",0,0.3283333333333333,0,2,0,NA
"咽頭結膜熱","鳥取県","2026-18","2026-05-03",0.21,0.5708333333333333,0.37,3,0.07,1.3125
"感染性胃腸炎","鳥取県","2026-18","2026-05-03",8.89,7.609166666666667,1.17,20,0.44,0.8573
"感染性胃腸炎（ロタウイルス）","鳥取県","2026-18","2026-05-03",0,0.13333333333333333,0,NA,NA,NA
"手足口病","鳥取県","2026-18","2026-05-03",0,0.09166666666666666,0,5,0,NA
"新型コロナウイルス","鳥取県","2026-18","2026-05-03",1.14,2.5725,0.44,NA,NA,1.8387
"水痘","鳥取県","2026-18","2026-05-03",0.16,0.255,0.63,2,0.08,0.4324
"流行性耳下腺炎","鳥取県","2026-18","2026-05-03",0,0.0175,0,6,0,NA
"流行性角結膜炎","鳥取県","2026-18","2026-05-03",0,0.23333333333333334,0,8,0,NA
"無菌性髄膜炎","鳥取県","2026-18","2026-05-03",0,0.08333333333333334,0,NA,NA,0
"突発性発しん","鳥取県","2026-18","2026-05-03",0.11,0.23333333333333334,0.47,NA,NA,1
"細菌性髄膜炎","鳥取県","2026-18","2026-05-03",0,0.06666666666666667,0,NA,NA,0
"A群溶血性レンサ球菌咽頭炎","鹿児島県","2026-18","2026-05-03",3.32,2.1950000000000003,1.51,8,0.42,0.991
"RSウイルス","鹿児島県","2026-18","2026-05-03",1.61,2.3266666666666667,0.69,NA,NA,1.3089
"インフルエンザ","鹿児島県","2026-18","2026-05-03",0.23,1.4200000000000002,0.16,30,0.01,1.0952
"ヘルパンギーナ","鹿児島県","2026-18","2026-05-03",0.77,0.27166666666666667,2.83,6,0.13,4.8125
"マイコプラズマ肺炎","鹿児島県","2026-18","2026-05-03",0.17,0.13249999999999998,1.28,NA,NA,1
"伝染性紅斑","鹿児島県","2026-18","2026-05-03",0.13,0.125,1.04,2,0.06,0.4062
"咽頭結膜熱","鹿児島県","2026-18","2026-05-03",1,1.2716666666666667,0.79,3,0.33,1.0309
"感染性胃腸炎","鹿児島県","2026-18","2026-05-03",4.48,7.73,0.58,20,0.22,1
"手足口病","鹿児島県","2026-18","2026-05-03",3.19,0.8233333333333334,3.87,5,0.64,2.5935
"新型コロナウイルス","鹿児島県","2026-18","2026-05-03",0.44,2.4299999999999997,0.18,NA,NA,2.0952
"水痘","鹿児島県","2026-18","2026-05-03",0.52,0.16,3.25,2,0.26,2
"流行性耳下腺炎","鹿児島県","2026-18","2026-05-03",0,0.07083333333333333,0,6,0,0
"流行性角結膜炎","鹿児島県","2026-18","2026-05-03",1,0.8091666666666666,1.24,8,0.12,3.4483
"無菌性髄膜炎","鹿児島県","2026-18","2026-05-03",0,0.013333333333333334,0,NA,NA,NA
"突発性発しん","鹿児島県","2026-18","2026-05-03",0.48,0.3691666666666667,1.3,NA,NA,0.9231
"細菌性髄膜炎","鹿児島県","2026-18","2026-05-03",0,0.02,0,NA,NA,NA
