"category","pref","year_week","reference_date","current_value","current_ma4","baseline_ma4","ratio_heinen","alert_start","ratio_alert","ratio_wow","in_alert_level"
"A群溶血性レンサ球菌咽頭炎","三重県","2026-19","2026-05-10",1.05,1.81,2.1675,0.84,8,0.13,0.4953,FALSE
"RSウイルス","三重県","2026-19","2026-05-10",0.19,0.46,1.5116666666666667,0.3,NA,NA,0.3878,FALSE
"インフルエンザ","三重県","2026-19","2026-05-10",0.12,0.2375,1.9625,0.12,30,0,0.48,FALSE
"クラミジア肺炎","三重県","2026-19","2026-05-10",0,0,0,NA,NA,NA,NA,FALSE
"ヘルパンギーナ","三重県","2026-19","2026-05-10",0.02,0.052500000000000005,0.04666666666666667,1.12,6,0,0.2857,FALSE
"マイコプラズマ肺炎","三重県","2026-19","2026-05-10",0.33,0.165,0.11083333333333334,1.49,NA,NA,3,FALSE
"伝染性紅斑","三重県","2026-19","2026-05-10",0,0.030000000000000002,0.46416666666666667,0.06,2,0,0,FALSE
"咽頭結膜熱","三重県","2026-19","2026-05-10",0.35,0.36750000000000005,0.5158333333333334,0.71,3,0.12,1,FALSE
"急性出血性結膜炎","三重県","2026-19","2026-05-10",0,0.02,0,NA,1,0,NA,FALSE
"感染性胃腸炎","三重県","2026-19","2026-05-10",2.63,5.0075,5.550833333333333,0.9,20,0.13,0.4852,FALSE
"感染性胃腸炎（ロタウイルス）","三重県","2026-19","2026-05-10",0.33,0.1925,0.03666666666666667,5.25,NA,NA,3,FALSE
"手足口病","三重県","2026-19","2026-05-10",0.05,0.0425,0.33749999999999997,0.13,5,0.01,1,FALSE
"新型コロナウイルス","三重県","2026-19","2026-05-10",0.25,0.35,1.53125,0.23,NA,NA,0.7143,FALSE
"水痘","三重県","2026-19","2026-05-10",0.12,0.1575,0.11666666666666667,1.35,2,0.06,0.6316,FALSE
"流行性耳下腺炎","三重県","2026-19","2026-05-10",0,0.015,0.02416666666666667,0.62,6,0,0,FALSE
"流行性角結膜炎","三重県","2026-19","2026-05-10",0.18,0.2625,0.05583333333333333,4.7,8,0.02,1,FALSE
"無菌性髄膜炎","三重県","2026-19","2026-05-10",0,0,0.018333333333333333,0,NA,NA,NA,FALSE
"突発性発しん","三重県","2026-19","2026-05-10",0.14,0.32000000000000006,0.24833333333333332,1.29,NA,NA,0.2642,FALSE
"細菌性髄膜炎","三重県","2026-19","2026-05-10",0,0,0.018333333333333333,0,NA,NA,NA,FALSE
"A群溶血性レンサ球菌咽頭炎","京都府","2026-19","2026-05-10",2.53,3.865,1.8325,2.11,8,0.32,0.5724,FALSE
"RSウイルス","京都府","2026-19","2026-05-10",0.05,0.18,1.2908333333333333,0.14,NA,NA,0.2273,FALSE
"インフルエンザ","京都府","2026-19","2026-05-10",0.05,0.5375,0.8591666666666666,0.63,30,0,0.1163,FALSE
"クラミジア肺炎","京都府","2026-19","2026-05-10",0,0,0,NA,NA,NA,NA,FALSE
"ヘルパンギーナ","京都府","2026-19","2026-05-10",0.03,0.0225,0.07416666666666667,0.3,6,0,1,FALSE
"マイコプラズマ肺炎","京都府","2026-19","2026-05-10",0.29,0.36,0.2525,1.43,NA,NA,1,FALSE
"伝染性紅斑","京都府","2026-19","2026-05-10",0,0.025,0.4033333333333333,0.06,2,0,NA,FALSE
"咽頭結膜熱","京都府","2026-19","2026-05-10",0.34,0.545,0.495,1.1,3,0.11,0.5075,FALSE
"急性出血性結膜炎","京都府","2026-19","2026-05-10",0,0,0,NA,1,0,NA,FALSE
"感染性胃腸炎","京都府","2026-19","2026-05-10",3.03,4.7775,5.381666666666667,0.89,20,0.15,0.593,FALSE
"感染性胃腸炎（ロタウイルス）","京都府","2026-19","2026-05-10",0,0.18,0.05333333333333334,3.37,NA,NA,0,FALSE
"手足口病","京都府","2026-19","2026-05-10",0.08,0.05500000000000001,0.31333333333333335,0.18,5,0.02,1.3333,FALSE
"新型コロナウイルス","京都府","2026-19","2026-05-10",0.22,0.605,2.21625,0.27,NA,NA,0.3235,FALSE
"水痘","京都府","2026-19","2026-05-10",0.74,0.6175,0.23083333333333333,2.68,2,0.37,1.3214,FALSE
"流行性耳下腺炎","京都府","2026-19","2026-05-10",0,0.035,0.03916666666666667,0.89,6,0,0,FALSE
"流行性角結膜炎","京都府","2026-19","2026-05-10",0,0.042499999999999996,0.23,0.18,8,0,NA,FALSE
"無菌性髄膜炎","京都府","2026-19","2026-05-10",0.14,0.07,0,NA,NA,NA,NA,FALSE
"突発性発しん","京都府","2026-19","2026-05-10",0.32,0.245,0.22333333333333333,1.1,NA,NA,0.9697,FALSE
"細菌性髄膜炎","京都府","2026-19","2026-05-10",0,0,0,NA,NA,NA,NA,FALSE
"A群溶血性レンサ球菌咽頭炎","佐賀県","2026-19","2026-05-10",2.42,5.0649999999999995,2.0366666666666666,2.49,8,0.3,0.4681,FALSE
"RSウイルス","佐賀県","2026-19","2026-05-10",0.83,1.06,1.4591666666666667,0.73,NA,NA,1.431,FALSE
"インフルエンザ","佐賀県","2026-19","2026-05-10",0,0.4675,1.3975,0.33,30,0,0,FALSE
"クラミジア肺炎","佐賀県","2026-19","2026-05-10",0,0,0,NA,NA,NA,NA,FALSE
"ヘルパンギーナ","佐賀県","2026-19","2026-05-10",0.25,0.5425,0.9774999999999999,0.55,6,0.04,0.3012,FALSE
"マイコプラズマ肺炎","佐賀県","2026-19","2026-05-10",0.33,0.2475,0.20916666666666667,1.18,NA,NA,1,FALSE
"伝染性紅斑","佐賀県","2026-19","2026-05-10",0,0.10250000000000001,0.13166666666666665,0.78,2,0,0,FALSE
"咽頭結膜熱","佐賀県","2026-19","2026-05-10",0.5,0.48,0.6783333333333333,0.71,3,0.17,1.1905,FALSE
"急性出血性結膜炎","佐賀県","2026-19","2026-05-10",0,0,0,NA,1,0,NA,FALSE
"感染性胃腸炎","佐賀県","2026-19","2026-05-10",1.25,2.9175,4.4991666666666665,0.65,20,0.06,0.5165,FALSE
"感染性胃腸炎（ロタウイルス）","佐賀県","2026-19","2026-05-10",0,0.0425,0.22333333333333333,0.19,NA,NA,NA,FALSE
"手足口病","佐賀県","2026-19","2026-05-10",2.5,2.4375,0.14,17.41,5,0.5,0.8562,FALSE
"新型コロナウイルス","佐賀県","2026-19","2026-05-10",0.08,0.21749999999999997,2.0375,0.11,NA,NA,0.2759,FALSE
"水痘","佐賀県","2026-19","2026-05-10",0.42,0.41750000000000004,0.1375,3.04,2,0.21,0.6269,FALSE
"流行性耳下腺炎","佐賀県","2026-19","2026-05-10",0,0,0.035,0,6,0,NA,FALSE
"流行性角結膜炎","佐賀県","2026-19","2026-05-10",0,0.0625,0.041666666666666664,1.5,8,0,NA,FALSE
"無菌性髄膜炎","佐賀県","2026-19","2026-05-10",0,0,0.028333333333333335,0,NA,NA,NA,FALSE
"突発性発しん","佐賀県","2026-19","2026-05-10",1.08,0.5825,0.5383333333333333,1.08,NA,NA,2.5714,FALSE
"細菌性髄膜炎","佐賀県","2026-19","2026-05-10",0,0,0.07083333333333333,0,NA,NA,NA,FALSE
"A群溶血性レンサ球菌咽頭炎","全国","2026-19","2026-05-10",1.61,2.7525000000000004,2.328333333333333,1.18,8,0.2,0.5016,FALSE
"RSウイルス","全国","2026-19","2026-05-10",0.27,0.4575,1.0475,0.44,NA,NA,0.6136,FALSE
"インフルエンザ","全国","2026-19","2026-05-10",0.18,0.53,1.2725,0.42,30,0.01,0.439,FALSE
"クラミジア肺炎","全国","2026-19","2026-05-10",0.01,0.015,0.0016666666666666668,9,NA,NA,0.5,FALSE
"ヘルパンギーナ","全国","2026-19","2026-05-10",0.06,0.065,0.13833333333333334,0.47,6,0.01,0.6667,FALSE
"マイコプラズマ肺炎","全国","2026-19","2026-05-10",0.17,0.17,0.165,1.03,NA,NA,0.9444,FALSE
"伝染性紅斑","全国","2026-19","2026-05-10",0.05,0.07,0.41916666666666663,0.17,2,0.03,0.7143,FALSE
"咽頭結膜熱","全国","2026-19","2026-05-10",0.26,0.29000000000000004,0.44916666666666666,0.65,3,0.09,0.7879,FALSE
"急性出血性結膜炎","全国","2026-19","2026-05-10",0.01,0.0075,0.02666666666666667,0.28,1,0.01,1,FALSE
"感染性胃腸炎","全国","2026-19","2026-05-10",3.09,4.61,5.26,0.88,20,0.15,0.6255,FALSE
"感染性胃腸炎（ロタウイルス）","全国","2026-19","2026-05-10",0.06,0.07500000000000001,0.0825,0.91,NA,NA,0.75,FALSE
"手足口病","全国","2026-19","2026-05-10",0.35,0.2925,0.30083333333333334,0.97,5,0.07,0.9211,FALSE
"新型コロナウイルス","全国","2026-19","2026-05-10",0.34,0.5725,2.13625,0.27,NA,NA,0.5763,FALSE
"水痘","全国","2026-19","2026-05-10",0.39,0.3675,0.23083333333333333,1.59,2,0.2,1.0263,FALSE
"流行性耳下腺炎","全国","2026-19","2026-05-10",0.03,0.035,0.05,0.7,6,0,0.75,FALSE
"流行性角結膜炎","全国","2026-19","2026-05-10",0.36,0.385,0.5766666666666667,0.67,8,0.04,0.9474,FALSE
"無菌性髄膜炎","全国","2026-19","2026-05-10",0.02,0.0425,0.0225,1.89,NA,NA,0.4,FALSE
"突発性発しん","全国","2026-19","2026-05-10",0.24,0.29000000000000004,0.30666666666666664,0.95,NA,NA,0.7273,FALSE
"細菌性髄膜炎","全国","2026-19","2026-05-10",0.02,0.0175,0.014166666666666668,1.24,NA,NA,1,FALSE
"A群溶血性レンサ球菌咽頭炎","兵庫県","2026-19","2026-05-10",1.22,2.1725000000000003,1.705,1.27,8,0.15,0.4342,FALSE
"RSウイルス","兵庫県","2026-19","2026-05-10",0.23,0.4525,1.4141666666666666,0.32,NA,NA,0.561,FALSE
"インフルエンザ","兵庫県","2026-19","2026-05-10",0.07,0.46499999999999997,0.9758333333333333,0.48,30,0,0.1892,FALSE
"クラミジア肺炎","兵庫県","2026-19","2026-05-10",0,0.0175,0.005833333333333334,3,NA,NA,NA,FALSE
"ヘルパンギーナ","兵庫県","2026-19","2026-05-10",0.07,0.07,0.1875,0.37,6,0.01,0.5,FALSE
"マイコプラズマ肺炎","兵庫県","2026-19","2026-05-10",0,0.08750000000000001,0.24416666666666667,0.36,NA,NA,0,FALSE
"伝染性紅斑","兵庫県","2026-19","2026-05-10",0.03,0.06,0.23166666666666666,0.26,2,0.01,0.375,FALSE
"咽頭結膜熱","兵庫県","2026-19","2026-05-10",0.25,0.29,0.41833333333333333,0.69,3,0.08,0.8333,FALSE
"急性出血性結膜炎","兵庫県","2026-19","2026-05-10",0,0.0075,0.01,0.75,1,0,NA,FALSE
"感染性胃腸炎","兵庫県","2026-19","2026-05-10",3.71,6.0175,6.743333333333333,0.89,20,0.19,0.5504,FALSE
"感染性胃腸炎（ロタウイルス）","兵庫県","2026-19","2026-05-10",0,0.052500000000000005,0.052500000000000005,1,NA,NA,0,FALSE
"手足口病","兵庫県","2026-19","2026-05-10",0.21,0.21,0.35250000000000004,0.6,5,0.04,1.4,FALSE
"新型コロナウイルス","兵庫県","2026-19","2026-05-10",0.22,0.43999999999999995,1.96,0.22,NA,NA,0.4583,FALSE
"水痘","兵庫県","2026-19","2026-05-10",0.31,0.2975,0.15583333333333332,1.91,2,0.16,1.1923,FALSE
"流行性耳下腺炎","兵庫県","2026-19","2026-05-10",0,0.0325,0.04666666666666667,0.7,6,0,0,FALSE
"流行性角結膜炎","兵庫県","2026-19","2026-05-10",0.14,0.21250000000000002,0.43416666666666665,0.49,8,0.02,0.8235,FALSE
"無菌性髄膜炎","兵庫県","2026-19","2026-05-10",0.29,0.1775,0.06416666666666668,2.77,NA,NA,2.0714,FALSE
"突発性発しん","兵庫県","2026-19","2026-05-10",0.19,0.3,0.2833333333333333,1.06,NA,NA,0.7037,FALSE
"細菌性髄膜炎","兵庫県","2026-19","2026-05-10",0.07,0.07,0.035,2,NA,NA,1,FALSE
"A群溶血性レンサ球菌咽頭炎","北海道","2026-19","2026-05-10",2.27,4.95,3.925,1.26,8,0.28,0.4267,FALSE
"RSウイルス","北海道","2026-19","2026-05-10",0.1,0.27749999999999997,1.5508333333333333,0.18,NA,NA,0.4545,FALSE
"インフルエンザ","北海道","2026-19","2026-05-10",0.45,1.635,1.5033333333333334,1.09,30,0.02,0.3462,FALSE
"クラミジア肺炎","北海道","2026-19","2026-05-10",0.04,0.0425,0,NA,NA,NA,0.3077,FALSE
"ヘルパンギーナ","北海道","2026-19","2026-05-10",0,0.0125,0.018333333333333333,0.68,6,0,0,FALSE
"マイコプラズマ肺炎","北海道","2026-19","2026-05-10",0.22,0.185,0.13166666666666665,1.41,NA,NA,1.6923,FALSE
"伝染性紅斑","北海道","2026-19","2026-05-10",0.06,0.11250000000000002,1.0466666666666666,0.11,2,0.03,0.6,FALSE
"咽頭結膜熱","北海道","2026-19","2026-05-10",0.27,0.305,0.7683333333333333,0.4,3,0.09,0.6136,FALSE
"急性出血性結膜炎","北海道","2026-19","2026-05-10",0,0,0.0033333333333333335,0,1,0,NA,FALSE
"感染性胃腸炎","北海道","2026-19","2026-05-10",2.64,3.8274999999999997,3.9316666666666666,0.97,20,0.13,0.6502,FALSE
"感染性胃腸炎（ロタウイルス）","北海道","2026-19","2026-05-10",0.09,0.11,0.025,4.4,NA,NA,0.4091,FALSE
"手足口病","北海道","2026-19","2026-05-10",0.03,0.0275,0.08583333333333333,0.32,5,0.01,3,FALSE
"新型コロナウイルス","北海道","2026-19","2026-05-10",0.28,0.44,2.67,0.16,NA,NA,0.6512,FALSE
"水痘","北海道","2026-19","2026-05-10",0.45,0.4575,0.225,2.03,2,0.22,0.7031,FALSE
"流行性耳下腺炎","北海道","2026-19","2026-05-10",0,0.0075,0.04,0.19,6,0,NA,FALSE
"流行性角結膜炎","北海道","2026-19","2026-05-10",0.14,0.0925,0.09833333333333334,0.94,8,0.02,4.6667,FALSE
"無菌性髄膜炎","北海道","2026-19","2026-05-10",0,0,0.0075,0,NA,NA,NA,FALSE
"突発性発しん","北海道","2026-19","2026-05-10",0.12,0.1475,0.16083333333333333,0.92,NA,NA,0.6667,FALSE
"細菌性髄膜炎","北海道","2026-19","2026-05-10",0,0,0,NA,NA,NA,NA,FALSE
"A群溶血性レンサ球菌咽頭炎","千葉県","2026-19","2026-05-10",1.54,2.59,2.8491666666666666,0.91,8,0.19,0.5641,FALSE
"RSウイルス","千葉県","2026-19","2026-05-10",0.14,0.2625,0.6408333333333334,0.41,NA,NA,0.56,FALSE
"インフルエンザ","千葉県","2026-19","2026-05-10",0.12,0.37,1.1375,0.33,30,0,0.5,FALSE
"クラミジア肺炎","千葉県","2026-19","2026-05-10",0,0.055,0,NA,NA,NA,0,FALSE
"ヘルパンギーナ","千葉県","2026-19","2026-05-10",0.03,0.0225,0.0475,0.47,6,0,1.5,FALSE
"マイコプラズマ肺炎","千葉県","2026-19","2026-05-10",0.11,0.055,0.07333333333333333,0.75,NA,NA,NA,FALSE
"伝染性紅斑","千葉県","2026-19","2026-05-10",0.03,0.027500000000000004,0.49,0.06,2,0.01,1.5,FALSE
"咽頭結膜熱","千葉県","2026-19","2026-05-10",0.16,0.17,0.3258333333333333,0.52,3,0.05,0.8,FALSE
"急性出血性結膜炎","千葉県","2026-19","2026-05-10",0,0,0.024999999999999998,0,1,0,NA,FALSE
"感染性胃腸炎","千葉県","2026-19","2026-05-10",2.15,3.04,4.199166666666667,0.72,20,0.11,0.6495,FALSE
"感染性胃腸炎（ロタウイルス）","千葉県","2026-19","2026-05-10",0,0.0275,0.03666666666666667,0.75,NA,NA,NA,FALSE
"手足口病","千葉県","2026-19","2026-05-10",0.1,0.075,0.14416666666666667,0.52,5,0.02,1.6667,FALSE
"新型コロナウイルス","千葉県","2026-19","2026-05-10",0.43,0.8075000000000001,2.31625,0.35,NA,NA,0.4574,FALSE
"水痘","千葉県","2026-19","2026-05-10",0.37,0.3475,0.20666666666666667,1.68,2,0.18,1.1935,FALSE
"流行性耳下腺炎","千葉県","2026-19","2026-05-10",0.05,0.0575,0.07083333333333333,0.81,6,0.01,0.8333,FALSE
"流行性角結膜炎","千葉県","2026-19","2026-05-10",0.44,0.41,0.6925,0.59,8,0.06,0.7857,FALSE
"無菌性髄膜炎","千葉県","2026-19","2026-05-10",0,0,0.009166666666666667,0,NA,NA,NA,FALSE
"突発性発しん","千葉県","2026-19","2026-05-10",0.15,0.21500000000000002,0.28833333333333333,0.75,NA,NA,0.5769,FALSE
"細菌性髄膜炎","千葉県","2026-19","2026-05-10",0.11,0.0275,0.0275,1,NA,NA,NA,FALSE
"A群溶血性レンサ球菌咽頭炎","和歌山県","2026-19","2026-05-10",1.33,2.0900000000000003,1.5341666666666667,1.36,8,0.17,0.4926,FALSE
"RSウイルス","和歌山県","2026-19","2026-05-10",0.07,0.3325,2.535,0.13,NA,NA,0.1892,FALSE
"インフルエンザ","和歌山県","2026-19","2026-05-10",0.11,0.28500000000000003,0.6441666666666667,0.44,30,0,0.6875,FALSE
"クラミジア肺炎","和歌山県","2026-19","2026-05-10",0,0,0,NA,NA,NA,NA,FALSE
"ヘルパンギーナ","和歌山県","2026-19","2026-05-10",0.07,0.065,0.05,1.3,6,0.01,1.75,FALSE
"マイコプラズマ肺炎","和歌山県","2026-19","2026-05-10",0.09,0.135,0.0675,2,NA,NA,0.5,FALSE
"伝染性紅斑","和歌山県","2026-19","2026-05-10",0.04,0.01,0.3075,0.03,2,0.02,NA,FALSE
"咽頭結膜熱","和歌山県","2026-19","2026-05-10",0.26,0.2525,0.21583333333333332,1.17,3,0.09,1,FALSE
"急性出血性結膜炎","和歌山県","2026-19","2026-05-10",0,0,0.125,0,1,0,NA,FALSE
"感染性胃腸炎","和歌山県","2026-19","2026-05-10",2.15,3.2225,5.054166666666666,0.64,20,0.11,0.5231,FALSE
"感染性胃腸炎（ロタウイルス）","和歌山県","2026-19","2026-05-10",0.18,0.09,0.12833333333333333,0.7,NA,NA,1,FALSE
"手足口病","和歌山県","2026-19","2026-05-10",0.04,0.07500000000000001,0.20833333333333334,0.36,5,0.01,1,FALSE
"新型コロナウイルス","和歌山県","2026-19","2026-05-10",0.24,0.29250000000000004,1.9525000000000001,0.15,NA,NA,0.7742,FALSE
"水痘","和歌山県","2026-19","2026-05-10",0.22,0.20500000000000002,0.21166666666666667,0.97,2,0.11,0.7333,FALSE
"流行性耳下腺炎","和歌山県","2026-19","2026-05-10",0,0.03,0.03666666666666667,0.82,6,0,0,FALSE
"流行性角結膜炎","和歌山県","2026-19","2026-05-10",0.25,0.1875,0.1875,1,8,0.03,1,FALSE
"無菌性髄膜炎","和歌山県","2026-19","2026-05-10",0,0,0.045,0,NA,NA,NA,FALSE
"突発性発しん","和歌山県","2026-19","2026-05-10",0.44,0.335,0.28583333333333333,1.17,NA,NA,1.0732,FALSE
"細菌性髄膜炎","和歌山県","2026-19","2026-05-10",0,0.0225,0.0075,3,NA,NA,NA,FALSE
"A群溶血性レンサ球菌咽頭炎","埼玉県","2026-19","2026-05-10",1.97,2.8225000000000002,2.96,0.95,8,0.25,0.5677,FALSE
"RSウイルス","埼玉県","2026-19","2026-05-10",0.12,0.3175,0.9691666666666666,0.33,NA,NA,0.2727,FALSE
"インフルエンザ","埼玉県","2026-19","2026-05-10",0.1,0.27999999999999997,1.1241666666666668,0.25,30,0,0.4167,FALSE
"クラミジア肺炎","埼玉県","2026-19","2026-05-10",0.08,0.04,0.013333333333333334,3,NA,NA,NA,FALSE
"ヘルパンギーナ","埼玉県","2026-19","2026-05-10",0.11,0.0625,0.03833333333333334,1.63,6,0.02,2.2,FALSE
"マイコプラズマ肺炎","埼玉県","2026-19","2026-05-10",0.5,0.35250000000000004,0.18666666666666665,1.89,NA,NA,1.5152,FALSE
"伝染性紅斑","埼玉県","2026-19","2026-05-10",0.01,0.025,0.6758333333333334,0.04,2,0,1,FALSE
"咽頭結膜熱","埼玉県","2026-19","2026-05-10",0.25,0.2275,0.43916666666666665,0.52,3,0.08,0.9259,FALSE
"急性出血性結膜炎","埼玉県","2026-19","2026-05-10",0.05,0.025,0.08666666666666667,0.29,1,0.05,1,FALSE
"感染性胃腸炎","埼玉県","2026-19","2026-05-10",3.61,4.6075,5.659166666666667,0.81,20,0.18,0.7681,FALSE
"感染性胃腸炎（ロタウイルス）","埼玉県","2026-19","2026-05-10",0.08,0.04,0.09166666666666666,0.44,NA,NA,NA,FALSE
"手足口病","埼玉県","2026-19","2026-05-10",0.36,0.22,0.17166666666666666,1.28,5,0.07,1.5652,FALSE
"新型コロナウイルス","埼玉県","2026-19","2026-05-10",0.46,0.7999999999999999,2.3025,0.35,NA,NA,0.5055,FALSE
"水痘","埼玉県","2026-19","2026-05-10",0.61,0.52,0.5025,1.03,2,0.3,1.1731,FALSE
"流行性耳下腺炎","埼玉県","2026-19","2026-05-10",0.05,0.0675,0.07166666666666667,0.94,6,0.01,0.5556,FALSE
"流行性角結膜炎","埼玉県","2026-19","2026-05-10",0.12,0.1425,0.47833333333333333,0.3,8,0.01,0.4138,FALSE
"無菌性髄膜炎","埼玉県","2026-19","2026-05-10",0.08,0.04,0.0275,1.45,NA,NA,1,FALSE
"突発性発しん","埼玉県","2026-19","2026-05-10",0.35,0.34750000000000003,0.37583333333333335,0.92,NA,NA,0.7955,FALSE
"細菌性髄膜炎","埼玉県","2026-19","2026-05-10",0,0,0.014166666666666666,0,NA,NA,NA,FALSE
"A群溶血性レンサ球菌咽頭炎","大分県","2026-19","2026-05-10",1.69,2.165,2.7233333333333336,0.79,8,0.21,0.8125,FALSE
"RSウイルス","大分県","2026-19","2026-05-10",0.56,0.5225,0.9525,0.55,NA,NA,1.4359,FALSE
"インフルエンザ","大分県","2026-19","2026-05-10",0.07,0.165,0.9516666666666667,0.17,30,0,0.5,FALSE
"クラミジア肺炎","大分県","2026-19","2026-05-10",0,0.0225,0,NA,NA,NA,0,FALSE
"ヘルパンギーナ","大分県","2026-19","2026-05-10",0.17,0.115,0.43083333333333335,0.27,6,0.03,1,FALSE
"マイコプラズマ肺炎","大分県","2026-19","2026-05-10",0,0.09,0.15,0.6,NA,NA,0,FALSE
"伝染性紅斑","大分県","2026-19","2026-05-10",0.06,0.12,0.21333333333333335,0.56,2,0.03,0.5455,FALSE
"咽頭結膜熱","大分県","2026-19","2026-05-10",0.61,0.5425,0.6083333333333333,0.89,3,0.2,0.9104,FALSE
"急性出血性結膜炎","大分県","2026-19","2026-05-10",0,0,0.016666666666666666,0,1,0,NA,FALSE
"感染性胃腸炎","大分県","2026-19","2026-05-10",4.72,6.0075,11.175833333333333,0.54,20,0.24,0.6611,FALSE
"感染性胃腸炎（ロタウイルス）","大分県","2026-19","2026-05-10",0,0,0.075,0,NA,NA,NA,FALSE
"手足口病","大分県","2026-19","2026-05-10",0.39,0.18,1.7491666666666665,0.1,5,0.08,1.56,FALSE
"新型コロナウイルス","大分県","2026-19","2026-05-10",0.16,0.14750000000000002,1.535,0.1,NA,NA,1.1429,FALSE
"水痘","大分県","2026-19","2026-05-10",1,0.76,0.23333333333333334,3.26,2,0.5,0.9434,FALSE
"流行性耳下腺炎","大分県","2026-19","2026-05-10",0,0.0225,0.06166666666666667,0.36,6,0,0,FALSE
"流行性角結膜炎","大分県","2026-19","2026-05-10",0.2,0.45000000000000007,0.9833333333333334,0.46,8,0.03,0.5,FALSE
"無菌性髄膜炎","大分県","2026-19","2026-05-10",0,0.0225,0.0075,3,NA,NA,0,FALSE
"突発性発しん","大分県","2026-19","2026-05-10",0.58,0.5125,0.5375,0.95,NA,NA,1.4872,FALSE
"細菌性髄膜炎","大分県","2026-19","2026-05-10",0,0,0,NA,NA,NA,NA,FALSE
"A群溶血性レンサ球菌咽頭炎","大阪府","2026-19","2026-05-10",1.51,2.495,1.8875,1.32,8,0.19,0.5017,FALSE
"RSウイルス","大阪府","2026-19","2026-05-10",0.42,0.5825,2.138333333333333,0.27,NA,NA,0.7636,FALSE
"インフルエンザ","大阪府","2026-19","2026-05-10",0.13,0.27999999999999997,0.6733333333333333,0.42,30,0,0.619,FALSE
"クラミジア肺炎","大阪府","2026-19","2026-05-10",0,0.015,0.01,1.5,NA,NA,0,FALSE
"ヘルパンギーナ","大阪府","2026-19","2026-05-10",0.02,0.0125,0.12083333333333333,0.1,6,0,1,FALSE
"マイコプラズマ肺炎","大阪府","2026-19","2026-05-10",0.17,0.1275,0.2516666666666667,0.51,NA,NA,0.7727,FALSE
"伝染性紅斑","大阪府","2026-19","2026-05-10",0.06,0.05,0.24083333333333334,0.21,2,0.03,1.2,FALSE
"咽頭結膜熱","大阪府","2026-19","2026-05-10",0.35,0.41500000000000004,0.4375,0.95,3,0.12,0.6863,FALSE
"急性出血性結膜炎","大阪府","2026-19","2026-05-10",0,0,0.013333333333333334,0,1,0,NA,FALSE
"感染性胃腸炎","大阪府","2026-19","2026-05-10",3.36,4.98,6.094166666666666,0.82,20,0.17,0.6234,FALSE
"感染性胃腸炎（ロタウイルス）","大阪府","2026-19","2026-05-10",0,0.0975,0.30583333333333335,0.32,NA,NA,0,FALSE
"手足口病","大阪府","2026-19","2026-05-10",0.12,0.09,0.52,0.17,5,0.02,0.9231,FALSE
"新型コロナウイルス","大阪府","2026-19","2026-05-10",0.24,0.325,1.66375,0.2,NA,NA,0.75,FALSE
"水痘","大阪府","2026-19","2026-05-10",0.28,0.2775,0.15333333333333332,1.81,2,0.14,0.7179,FALSE
"流行性耳下腺炎","大阪府","2026-19","2026-05-10",0.02,0.0375,0.05,0.75,6,0,0.5,FALSE
"流行性角結膜炎","大阪府","2026-19","2026-05-10",0.18,0.1775,0.31333333333333335,0.57,8,0.02,1.2,FALSE
"無菌性髄膜炎","大阪府","2026-19","2026-05-10",0,0.015,0.02,0.75,NA,NA,NA,FALSE
"突発性発しん","大阪府","2026-19","2026-05-10",0.19,0.24,0.28833333333333333,0.83,NA,NA,0.7308,FALSE
"細菌性髄膜炎","大阪府","2026-19","2026-05-10",0,0,0.020833333333333332,0,NA,NA,NA,FALSE
"A群溶血性レンサ球菌咽頭炎","奈良県","2026-19","2026-05-10",3.39,4.4825,1.5,2.99,8,0.42,0.6673,FALSE
"RSウイルス","奈良県","2026-19","2026-05-10",0.09,0.44,2.538333333333333,0.17,NA,NA,0.36,FALSE
"インフルエンザ","奈良県","2026-19","2026-05-10",0.02,0.3425,0.8241666666666667,0.42,30,0,0.0606,FALSE
"クラミジア肺炎","奈良県","2026-19","2026-05-10",0,0,0,NA,NA,NA,NA,FALSE
"ヘルパンギーナ","奈良県","2026-19","2026-05-10",0,0.01,0.105,0.1,6,0,0,FALSE
"マイコプラズマ肺炎","奈良県","2026-19","2026-05-10",0,0.20750000000000002,0.12583333333333332,1.65,NA,NA,0,FALSE
"伝染性紅斑","奈良県","2026-19","2026-05-10",0.09,0.085,0.11666666666666667,0.73,2,0.04,0.6923,FALSE
"咽頭結膜熱","奈良県","2026-19","2026-05-10",0.52,0.27749999999999997,0.4583333333333333,0.61,3,0.17,2.08,FALSE
"急性出血性結膜炎","奈良県","2026-19","2026-05-10",0,0,0.016666666666666666,0,1,0,NA,FALSE
"感染性胃腸炎","奈良県","2026-19","2026-05-10",3.57,6.6850000000000005,6.3425,1.05,20,0.18,0.4735,FALSE
"感染性胃腸炎（ロタウイルス）","奈良県","2026-19","2026-05-10",0.17,0.085,0.15333333333333335,0.55,NA,NA,NA,FALSE
"手足口病","奈良県","2026-19","2026-05-10",0.09,0.075,0.9258333333333334,0.08,5,0.02,1.125,FALSE
"新型コロナウイルス","奈良県","2026-19","2026-05-10",0.17,0.5775,2.085,0.28,NA,NA,0.2742,FALSE
"水痘","奈良県","2026-19","2026-05-10",0.13,0.17749999999999996,0.08249999999999999,2.15,2,0.06,0.619,FALSE
"流行性耳下腺炎","奈良県","2026-19","2026-05-10",0,0.085,0.049166666666666664,1.73,6,0,0,FALSE
"流行性角結膜炎","奈良県","2026-19","2026-05-10",0.3,0.35,0.44333333333333336,0.79,8,0.04,0.75,FALSE
"無菌性髄膜炎","奈良県","2026-19","2026-05-10",0,0.0425,0,NA,NA,NA,NA,FALSE
"突発性発しん","奈良県","2026-19","2026-05-10",0.13,0.325,0.2816666666666667,1.15,NA,NA,0.2063,FALSE
"細菌性髄膜炎","奈良県","2026-19","2026-05-10",0,0.0425,0,NA,NA,NA,NA,FALSE
"A群溶血性レンサ球菌咽頭炎","宮城県","2026-19","2026-05-10",1.03,2.16,2.7041666666666666,0.8,8,0.13,0.4558,FALSE
"RSウイルス","宮城県","2026-19","2026-05-10",0.16,0.23500000000000001,0.7591666666666667,0.31,NA,NA,0.6154,FALSE
"インフルエンザ","宮城県","2026-19","2026-05-10",0.27,0.5375000000000001,2.5524999999999998,0.21,30,0.01,0.8182,FALSE
"クラミジア肺炎","宮城県","2026-19","2026-05-10",0,0,0,NA,NA,NA,NA,FALSE
"ヘルパンギーナ","宮城県","2026-19","2026-05-10",0.03,0.0075,0.018333333333333333,0.41,6,0,NA,FALSE
"マイコプラズマ肺炎","宮城県","2026-19","2026-05-10",0,0.1,0.10833333333333334,0.92,NA,NA,NA,FALSE
"伝染性紅斑","宮城県","2026-19","2026-05-10",0.1,0.055,0.855,0.06,2,0.05,1.6667,FALSE
"咽頭結膜熱","宮城県","2026-19","2026-05-10",0.06,0.1275,0.455,0.28,3,0.02,0.3158,FALSE
"急性出血性結膜炎","宮城県","2026-19","2026-05-10",0,0.02,0.013333333333333334,1.5,1,0,NA,FALSE
"感染性胃腸炎","宮城県","2026-19","2026-05-10",3.03,3.675,4.368333333333333,0.84,20,0.15,0.7284,FALSE
"感染性胃腸炎（ロタウイルス）","宮城県","2026-19","2026-05-10",0,0,0.05,0,NA,NA,NA,FALSE
"手足口病","宮城県","2026-19","2026-05-10",0.1,0.025,0.0325,0.77,5,0.02,NA,FALSE
"新型コロナウイルス","宮城県","2026-19","2026-05-10",0.8,1.68,2.76375,0.61,NA,NA,0.4494,FALSE
"水痘","宮城県","2026-19","2026-05-10",0.35,0.34750000000000003,0.18583333333333332,1.87,2,0.17,0.6731,FALSE
"流行性耳下腺炎","宮城県","2026-19","2026-05-10",0.06,0.0225,0.07083333333333333,0.32,6,0.01,NA,FALSE
"流行性角結膜炎","宮城県","2026-19","2026-05-10",0.75,0.6475,0.515,1.26,8,0.09,1.1194,FALSE
"無菌性髄膜炎","宮城県","2026-19","2026-05-10",0,0.025,0.016666666666666666,1.5,NA,NA,0,FALSE
"突発性発しん","宮城県","2026-19","2026-05-10",0.35,0.24,0.3375,0.71,NA,NA,1.8421,FALSE
"細菌性髄膜炎","宮城県","2026-19","2026-05-10",0,0.025,0.008333333333333333,3,NA,NA,0,FALSE
"A群溶血性レンサ球菌咽頭炎","宮崎県","2026-19","2026-05-10",3.27,3.8525,2.6525,1.45,8,0.41,0.8034,FALSE
"RSウイルス","宮崎県","2026-19","2026-05-10",1.53,1.4325,1.3158333333333334,1.09,NA,NA,1.1504,FALSE
"インフルエンザ","宮崎県","2026-19","2026-05-10",0.07,0.25,1.165,0.21,30,0,0.3889,FALSE
"クラミジア肺炎","宮崎県","2026-19","2026-05-10",0,0,0,NA,NA,NA,NA,FALSE
"ヘルパンギーナ","宮崎県","2026-19","2026-05-10",0.4,1.0675,0.83,1.29,6,0.07,0.2395,FALSE
"マイコプラズマ肺炎","宮崎県","2026-19","2026-05-10",0,0.145,0.0825,1.76,NA,NA,0,FALSE
"伝染性紅斑","宮崎県","2026-19","2026-05-10",0,0.23250000000000004,0.23416666666666666,0.99,2,0,0,FALSE
"咽頭結膜熱","宮崎県","2026-19","2026-05-10",0.47,0.5325,0.92,0.58,3,0.16,0.8868,FALSE
"急性出血性結膜炎","宮崎県","2026-19","2026-05-10",0,0,0,NA,1,0,NA,FALSE
"感染性胃腸炎","宮崎県","2026-19","2026-05-10",2.67,6.0175,8.293333333333333,0.73,20,0.13,0.4828,FALSE
"感染性胃腸炎（ロタウイルス）","宮崎県","2026-19","2026-05-10",0,0,0.17833333333333332,0,NA,NA,NA,FALSE
"手足口病","宮崎県","2026-19","2026-05-10",8.93,9.0325,0.7833333333333333,11.53,5,1.79,0.66,TRUE
"新型コロナウイルス","宮崎県","2026-19","2026-05-10",0.82,0.5175,1.60875,0.32,NA,NA,1.64,FALSE
"水痘","宮崎県","2026-19","2026-05-10",0.73,0.75,0.21916666666666668,3.42,2,0.36,1.2167,FALSE
"流行性耳下腺炎","宮崎県","2026-19","2026-05-10",0,0.0175,0.0675,0.26,6,0,0,FALSE
"流行性角結膜炎","宮崎県","2026-19","2026-05-10",0.83,0.9175,0.5425,1.69,8,0.1,4.8824,FALSE
"無菌性髄膜炎","宮崎県","2026-19","2026-05-10",0,0,0.011666666666666667,0,NA,NA,NA,FALSE
"突発性発しん","宮崎県","2026-19","2026-05-10",0.47,0.41750000000000004,0.59,0.71,NA,NA,1.4242,FALSE
"細菌性髄膜炎","宮崎県","2026-19","2026-05-10",0,0,0,NA,NA,NA,NA,FALSE
"A群溶血性レンサ球菌咽頭炎","富山県","2026-19","2026-05-10",2.1,3.9375,3.3958333333333335,1.16,8,0.26,0.4449,FALSE
"RSウイルス","富山県","2026-19","2026-05-10",0.17,0.46499999999999997,1.1591666666666667,0.4,NA,NA,0.3778,FALSE
"インフルエンザ","富山県","2026-19","2026-05-10",0.1,0.955,1.32,0.72,30,0,0.1205,FALSE
"クラミジア肺炎","富山県","2026-19","2026-05-10",0,0,0,NA,NA,NA,NA,FALSE
"ヘルパンギーナ","富山県","2026-19","2026-05-10",0.07,0.035,0.08916666666666667,0.39,6,0.01,1,FALSE
"マイコプラズマ肺炎","富山県","2026-19","2026-05-10",0,0.05,0.08333333333333334,0.6,NA,NA,0,FALSE
"伝染性紅斑","富山県","2026-19","2026-05-10",0,0.05,0.8291666666666666,0.06,2,0,0,FALSE
"咽頭結膜熱","富山県","2026-19","2026-05-10",0.24,0.42000000000000004,1.0150000000000001,0.41,3,0.08,0.7059,FALSE
"急性出血性結膜炎","富山県","2026-19","2026-05-10",0,0,0.26166666666666666,0,1,0,NA,FALSE
"感染性胃腸炎","富山県","2026-19","2026-05-10",4,7.432499999999999,8.8325,0.84,20,0.2,0.4831,FALSE
"感染性胃腸炎（ロタウイルス）","富山県","2026-19","2026-05-10",0,0,0.03333333333333333,0,NA,NA,NA,FALSE
"手足口病","富山県","2026-19","2026-05-10",0.76,0.5175,0.07916666666666668,6.54,5,0.15,1.1515,FALSE
"新型コロナウイルス","富山県","2026-19","2026-05-10",0.25,0.48000000000000004,2.34,0.21,NA,NA,0.625,FALSE
"水痘","富山県","2026-19","2026-05-10",0.1,0.26,0.24583333333333332,1.06,2,0.05,0.2222,FALSE
"流行性耳下腺炎","富山県","2026-19","2026-05-10",0.03,0.0225,0.025,0.9,6,0,1,FALSE
"流行性角結膜炎","富山県","2026-19","2026-05-10",0.29,0.145,0.2966666666666667,0.49,8,0.04,1,FALSE
"無菌性髄膜炎","富山県","2026-19","2026-05-10",0,0,0,NA,NA,NA,NA,FALSE
"突発性発しん","富山県","2026-19","2026-05-10",0.24,0.2575,0.21000000000000002,1.23,NA,NA,0.7059,FALSE
"細菌性髄膜炎","富山県","2026-19","2026-05-10",0,0,0,NA,NA,NA,NA,FALSE
"A群溶血性レンサ球菌咽頭炎","山口県","2026-19","2026-05-10",1.71,3.1574999999999998,3.085,1.02,8,0.21,0.5797,FALSE
"RSウイルス","山口県","2026-19","2026-05-10",0.34,0.7175,2.0058333333333334,0.36,NA,NA,0.5862,FALSE
"インフルエンザ","山口県","2026-19","2026-05-10",0.21,0.585,1.5416666666666667,0.38,30,0.01,0.5833,FALSE
"クラミジア肺炎","山口県","2026-19","2026-05-10",0,0,0,NA,NA,NA,NA,FALSE
"ヘルパンギーナ","山口県","2026-19","2026-05-10",0.08,0.04,0.22083333333333333,0.18,6,0.01,1,FALSE
"マイコプラズマ肺炎","山口県","2026-19","2026-05-10",0,0.11,0.15666666666666668,0.7,NA,NA,0,FALSE
"伝染性紅斑","山口県","2026-19","2026-05-10",0.05,0.1525,0.1275,1.2,2,0.03,0.3125,FALSE
"咽頭結膜熱","山口県","2026-19","2026-05-10",0.21,0.3225,0.34500000000000003,0.93,3,0.07,0.5,FALSE
"急性出血性結膜炎","山口県","2026-19","2026-05-10",0,0,0,NA,1,0,NA,FALSE
"感染性胃腸炎","山口県","2026-19","2026-05-10",3.18,4.34,6.373333333333333,0.68,20,0.16,0.7608,FALSE
"感染性胃腸炎（ロタウイルス）","山口県","2026-19","2026-05-10",0.11,0.0275,0.12000000000000001,0.23,NA,NA,NA,FALSE
"手足口病","山口県","2026-19","2026-05-10",0.13,0.0675,0.058333333333333334,1.16,5,0.03,1.1818,FALSE
"新型コロナウイルス","山口県","2026-19","2026-05-10",0.23,0.435,1.645,0.26,NA,NA,0.371,FALSE
"水痘","山口県","2026-19","2026-05-10",0.29,0.205,0.07333333333333333,2.8,2,0.14,5.8,FALSE
"流行性耳下腺炎","山口県","2026-19","2026-05-10",0,0.0125,0.045000000000000005,0.28,6,0,NA,FALSE
"流行性角結膜炎","山口県","2026-19","2026-05-10",0.33,1.1375000000000002,0.2775,4.1,8,0.04,0.2705,FALSE
"無菌性髄膜炎","山口県","2026-19","2026-05-10",0,0.0275,0.018333333333333333,1.5,NA,NA,0,FALSE
"突発性発しん","山口県","2026-19","2026-05-10",0.21,0.4275,0.3925,1.09,NA,NA,0.3818,FALSE
"細菌性髄膜炎","山口県","2026-19","2026-05-10",0,0,0,NA,NA,NA,NA,FALSE
"A群溶血性レンサ球菌咽頭炎","山形県","2026-19","2026-05-10",2.12,4.6375,3.9416666666666664,1.18,8,0.26,0.4206,FALSE
"RSウイルス","山形県","2026-19","2026-05-10",0.56,1.5625,0.5233333333333333,2.99,NA,NA,0.4058,FALSE
"インフルエンザ","山形県","2026-19","2026-05-10",0.89,3.015,3.5025,0.86,30,0.03,0.3504,FALSE
"クラミジア肺炎","山形県","2026-19","2026-05-10",0,0,0,NA,NA,NA,NA,FALSE
"ヘルパンギーナ","山形県","2026-19","2026-05-10",0,0.01,0.02,0.5,6,0,NA,FALSE
"マイコプラズマ肺炎","山形県","2026-19","2026-05-10",0,0,0.14166666666666666,0,NA,NA,NA,FALSE
"伝染性紅斑","山形県","2026-19","2026-05-10",0.12,0.07,1.1425,0.06,2,0.06,1.5,FALSE
"咽頭結膜熱","山形県","2026-19","2026-05-10",0.12,0.255,0.5691666666666667,0.45,3,0.04,0.3429,FALSE
"急性出血性結膜炎","山形県","2026-19","2026-05-10",0,0,0,NA,1,0,NA,FALSE
"感染性胃腸炎","山形県","2026-19","2026-05-10",2.44,3.7750000000000004,4.571666666666666,0.83,20,0.12,0.6893,FALSE
"感染性胃腸炎（ロタウイルス）","山形県","2026-19","2026-05-10",0,0,0.06666666666666667,0,NA,NA,NA,FALSE
"手足口病","山形県","2026-19","2026-05-10",0.04,0.02,0.03,0.67,5,0.01,NA,FALSE
"新型コロナウイルス","山形県","2026-19","2026-05-10",0.42,0.875,3.2087499999999998,0.27,NA,NA,0.5455,FALSE
"水痘","山形県","2026-19","2026-05-10",1.24,0.65,0.305,2.13,2,0.62,4.5926,FALSE
"流行性耳下腺炎","山形県","2026-19","2026-05-10",0.04,0.01,0.035833333333333335,0.28,6,0.01,NA,FALSE
"流行性角結膜炎","山形県","2026-19","2026-05-10",0.25,0.2525,0.245,1.03,8,0.03,1,FALSE
"無菌性髄膜炎","山形県","2026-19","2026-05-10",0,0,0.008333333333333333,0,NA,NA,NA,FALSE
"突発性発しん","山形県","2026-19","2026-05-10",0.24,0.37249999999999994,0.34249999999999997,1.09,NA,NA,0.8889,FALSE
"細菌性髄膜炎","山形県","2026-19","2026-05-10",0.1,0.025,0,NA,NA,NA,NA,FALSE
"A群溶血性レンサ球菌咽頭炎","山梨県","2026-19","2026-05-10",0.24,0.835,1.3916666666666666,0.6,8,0.03,0.2017,FALSE
"RSウイルス","山梨県","2026-19","2026-05-10",0.1,0.16749999999999998,0.266,0.63,NA,NA,0.7143,FALSE
"インフルエンザ","山梨県","2026-19","2026-05-10",0.11,0.1575,1.6016666666666666,0.1,30,0,0.55,FALSE
"クラミジア肺炎","山梨県","2026-19","2026-05-10",0.1,0.05,0,NA,NA,NA,1,FALSE
"ヘルパンギーナ","山梨県","2026-19","2026-05-10",0,0,0.028333333333333335,0,6,0,NA,FALSE
"マイコプラズマ肺炎","山梨県","2026-19","2026-05-10",0,0.07500000000000001,0.08333333333333334,0.9,NA,NA,NA,FALSE
"伝染性紅斑","山梨県","2026-19","2026-05-10",0.1,0.075,0.13,0.58,2,0.05,2,FALSE
"咽頭結膜熱","山梨県","2026-19","2026-05-10",0.14,0.12000000000000001,0.24666666666666667,0.49,3,0.05,1.4,FALSE
"急性出血性結膜炎","山梨県","2026-19","2026-05-10",0,0,0,NA,1,0,NA,FALSE
"感染性胃腸炎","山梨県","2026-19","2026-05-10",1.71,2.795,3.4008333333333334,0.82,20,0.09,0.631,FALSE
"感染性胃腸炎（ロタウイルス）","山梨県","2026-19","2026-05-10",0.1,0.125,0,NA,NA,NA,1,FALSE
"手足口病","山梨県","2026-19","2026-05-10",0,0,0.21250000000000002,0,5,0,NA,FALSE
"新型コロナウイルス","山梨県","2026-19","2026-05-10",0.31,0.8425,2.84875,0.3,NA,NA,0.31,FALSE
"水痘","山梨県","2026-19","2026-05-10",0.43,0.2875,0.0675,4.26,2,0.22,1.4828,FALSE
"流行性耳下腺炎","山梨県","2026-19","2026-05-10",0,0.025,0.04,0.62,6,0,0,FALSE
"流行性角結膜炎","山梨県","2026-19","2026-05-10",0.11,0.0825,1.1466666666666667,0.07,8,0.01,NA,FALSE
"無菌性髄膜炎","山梨県","2026-19","2026-05-10",0,0.025,0.008333333333333333,3,NA,NA,NA,FALSE
"突発性発しん","山梨県","2026-19","2026-05-10",0.1,0.20249999999999999,0.19166666666666665,1.06,NA,NA,0.4167,FALSE
"細菌性髄膜炎","山梨県","2026-19","2026-05-10",0,0.025,0.008333333333333333,3,NA,NA,NA,FALSE
"A群溶血性レンサ球菌咽頭炎","岐阜県","2026-19","2026-05-10",0.85,1.6749999999999998,1.6824999999999999,1,8,0.11,0.425,FALSE
"RSウイルス","岐阜県","2026-19","2026-05-10",0.3,0.3325,0.9933333333333334,0.33,NA,NA,0.6818,FALSE
"インフルエンザ","岐阜県","2026-19","2026-05-10",0.22,0.39749999999999996,0.9141666666666667,0.43,30,0.01,11,FALSE
"クラミジア肺炎","岐阜県","2026-19","2026-05-10",0,0,0,NA,NA,NA,NA,FALSE
"ヘルパンギーナ","岐阜県","2026-19","2026-05-10",0,0.0475,0.016666666666666666,2.85,6,0,0,FALSE
"マイコプラズマ肺炎","岐阜県","2026-19","2026-05-10",0,0.15000000000000002,0.16666666666666669,0.9,NA,NA,0,FALSE
"伝染性紅斑","岐阜県","2026-19","2026-05-10",0.04,0.0575,0.1425,0.4,2,0.02,0.3636,FALSE
"咽頭結膜熱","岐阜県","2026-19","2026-05-10",0.04,0.1025,0.295,0.35,3,0.01,0.1538,FALSE
"急性出血性結膜炎","岐阜県","2026-19","2026-05-10",0,0,0,NA,1,0,NA,FALSE
"感染性胃腸炎","岐阜県","2026-19","2026-05-10",4.7,7.654999999999999,6.338333333333333,1.21,20,0.24,0.7253,FALSE
"感染性胃腸炎（ロタウイルス）","岐阜県","2026-19","2026-05-10",0.2,0.2,0.18333333333333335,1.09,NA,NA,1,FALSE
"手足口病","岐阜県","2026-19","2026-05-10",0.07,0.065,0.1075,0.6,5,0.01,NA,FALSE
"新型コロナウイルス","岐阜県","2026-19","2026-05-10",0.29,0.3275,2.71125,0.12,NA,NA,0.725,FALSE
"水痘","岐阜県","2026-19","2026-05-10",0.15,0.27999999999999997,0.06916666666666667,4.05,2,0.07,0.5,FALSE
"流行性耳下腺炎","岐阜県","2026-19","2026-05-10",0.11,0.0475,0.030833333333333334,1.54,6,0.02,2.75,FALSE
"流行性角結膜炎","岐阜県","2026-19","2026-05-10",0,0,0.09,0,8,0,NA,FALSE
"無菌性髄膜炎","岐阜県","2026-19","2026-05-10",0.2,0.1,0.06666666666666667,1.5,NA,NA,NA,FALSE
"突発性発しん","岐阜県","2026-19","2026-05-10",0.11,0.1875,0.2125,0.88,NA,NA,0.7333,FALSE
"細菌性髄膜炎","岐阜県","2026-19","2026-05-10",0,0,0.016666666666666666,0,NA,NA,NA,FALSE
"A群溶血性レンサ球菌咽頭炎","岡山県","2026-19","2026-05-10",1.79,2.6725000000000003,1.4675,1.82,8,0.22,0.4475,FALSE
"RSウイルス","岡山県","2026-19","2026-05-10",0.11,0.485,0.42416666666666664,1.14,NA,NA,0.2037,FALSE
"インフルエンザ","岡山県","2026-19","2026-05-10",0.08,0.6799999999999999,1.2725,0.53,30,0,0.2,FALSE
"クラミジア肺炎","岡山県","2026-19","2026-05-10",0,0,0,NA,NA,NA,NA,FALSE
"ヘルパンギーナ","岡山県","2026-19","2026-05-10",0.04,0.0975,0.0975,1,6,0.01,0.5714,FALSE
"マイコプラズマ肺炎","岡山県","2026-19","2026-05-10",0,0.2,0.18333333333333335,1.09,NA,NA,0,FALSE
"伝染性紅斑","岡山県","2026-19","2026-05-10",0.04,0.1075,0.07083333333333333,1.52,2,0.02,0.1905,FALSE
"咽頭結膜熱","岡山県","2026-19","2026-05-10",0.21,0.22250000000000003,0.41083333333333333,0.54,3,0.07,1.1667,FALSE
"急性出血性結膜炎","岡山県","2026-19","2026-05-10",0,0,0,NA,1,0,NA,FALSE
"感染性胃腸炎","岡山県","2026-19","2026-05-10",2.82,4.83,6.289166666666667,0.77,20,0.14,0.5851,FALSE
"感染性胃腸炎（ロタウイルス）","岡山県","2026-19","2026-05-10",0,0,0.16666666666666666,0,NA,NA,NA,FALSE
"手足口病","岡山県","2026-19","2026-05-10",0.89,0.9025000000000001,0.42583333333333334,2.12,5,0.18,0.6899,FALSE
"新型コロナウイルス","岡山県","2026-19","2026-05-10",0.18,0.385,2.2575,0.17,NA,NA,0.6,FALSE
"水痘","岡山県","2026-19","2026-05-10",0.68,0.455,0.14833333333333334,3.07,2,0.34,1.5814,FALSE
"流行性耳下腺炎","岡山県","2026-19","2026-05-10",0,0.045,0.0625,0.72,6,0,NA,FALSE
"流行性角結膜炎","岡山県","2026-19","2026-05-10",0,0.0625,0.1875,0.33,8,0,0,FALSE
"無菌性髄膜炎","岡山県","2026-19","2026-05-10",0,0.05,0.03333333333333333,1.5,NA,NA,0,FALSE
"突発性発しん","岡山県","2026-19","2026-05-10",0.36,0.42,0.2925,1.44,NA,NA,0.8372,FALSE
"細菌性髄膜炎","岡山県","2026-19","2026-05-10",0,0,0,NA,NA,NA,NA,FALSE
"A群溶血性レンサ球菌咽頭炎","岩手県","2026-19","2026-05-10",2.15,4.445,2.2175,2,8,0.27,0.4498,FALSE
"RSウイルス","岩手県","2026-19","2026-05-10",0.44,0.86,0.49583333333333335,1.73,NA,NA,0.9167,FALSE
"インフルエンザ","岩手県","2026-19","2026-05-10",0.45,0.885,2.135,0.41,30,0.02,0.5114,FALSE
"クラミジア肺炎","岩手県","2026-19","2026-05-10",0,0,0,NA,NA,NA,NA,FALSE
"ヘルパンギーナ","岩手県","2026-19","2026-05-10",0,0.0175,0.005833333333333334,3,6,0,0,FALSE
"マイコプラズマ肺炎","岩手県","2026-19","2026-05-10",0.26,0.1825,0.0875,2.09,NA,NA,1,FALSE
"伝染性紅斑","岩手県","2026-19","2026-05-10",0.07,0.195,0.495,0.39,2,0.04,0.3684,FALSE
"咽頭結膜熱","岩手県","2026-19","2026-05-10",0.26,0.2775,1.0699999999999998,0.26,3,0.09,0.7027,FALSE
"急性出血性結膜炎","岩手県","2026-19","2026-05-10",0,0,0.011666666666666667,0,1,0,NA,FALSE
"感染性胃腸炎","岩手県","2026-19","2026-05-10",4.33,6.1825,4.714166666666666,1.31,20,0.22,0.6358,FALSE
"感染性胃腸炎（ロタウイルス）","岩手県","2026-19","2026-05-10",0.26,0.3175,0.021666666666666667,14.65,NA,NA,0.8125,FALSE
"手足口病","岩手県","2026-19","2026-05-10",0,0.0475,0.030833333333333334,1.54,5,0,0,FALSE
"新型コロナウイルス","岩手県","2026-19","2026-05-10",1.21,2.2325,3.5675,0.63,NA,NA,0.5762,FALSE
"水痘","岩手県","2026-19","2026-05-10",0.26,0.2875,0.1775,1.62,2,0.13,0.8667,FALSE
"流行性耳下腺炎","岩手県","2026-19","2026-05-10",0,0.02,0.018333333333333333,1.09,6,0,0,FALSE
"流行性角結膜炎","岩手県","2026-19","2026-05-10",0.36,0.30500000000000005,0.27249999999999996,1.12,8,0.04,0.8372,FALSE
"無菌性髄膜炎","岩手県","2026-19","2026-05-10",0,0.037500000000000006,0.021666666666666667,1.73,NA,NA,0,FALSE
"突発性発しん","岩手県","2026-19","2026-05-10",0.15,0.2675,0.395,0.68,NA,NA,0.4545,FALSE
"細菌性髄膜炎","岩手県","2026-19","2026-05-10",0,0,0.016666666666666666,0,NA,NA,NA,FALSE
"A群溶血性レンサ球菌咽頭炎","島根県","2026-19","2026-05-10",1,2.4775,1.4083333333333332,1.76,8,0.12,0.3236,FALSE
"RSウイルス","島根県","2026-19","2026-05-10",0.27,0.34,0.3441666666666667,0.99,NA,NA,1,FALSE
"インフルエンザ","島根県","2026-19","2026-05-10",0.15,0.8625,1.0683333333333334,0.81,30,0,0.1875,FALSE
"クラミジア肺炎","島根県","2026-19","2026-05-10",0,0,0,NA,NA,NA,NA,FALSE
"ヘルパンギーナ","島根県","2026-19","2026-05-10",0,0,0.0775,0,6,0,NA,FALSE
"マイコプラズマ肺炎","島根県","2026-19","2026-05-10",0.5,0.47250000000000003,0.15666666666666668,3.02,NA,NA,1.3158,FALSE
"伝染性紅斑","島根県","2026-19","2026-05-10",0,0.1575,0.3416666666666667,0.46,2,0,0,FALSE
"咽頭結膜熱","島根県","2026-19","2026-05-10",0.45,0.6575000000000001,0.5791666666666666,1.14,3,0.15,0.5488,FALSE
"急性出血性結膜炎","島根県","2026-19","2026-05-10",0,0,0,NA,1,0,NA,FALSE
"感染性胃腸炎","島根県","2026-19","2026-05-10",5.09,9.34,5.711666666666667,1.64,20,0.25,0.5438,FALSE
"感染性胃腸炎（ロタウイルス）","島根県","2026-19","2026-05-10",0,0,0.07333333333333333,0,NA,NA,NA,FALSE
"手足口病","島根県","2026-19","2026-05-10",0.27,0.18,0.1625,1.11,5,0.05,1,FALSE
"新型コロナウイルス","島根県","2026-19","2026-05-10",0.5,0.5375,2.0175,0.27,NA,NA,0.625,FALSE
"水痘","島根県","2026-19","2026-05-10",0.55,0.41000000000000003,0.15833333333333333,2.59,2,0.28,NA,FALSE
"流行性耳下腺炎","島根県","2026-19","2026-05-10",0,0.0225,0.050833333333333335,0.44,6,0,NA,FALSE
"流行性角結膜炎","島根県","2026-19","2026-05-10",0,0.0825,0.0825,1,8,0,NA,FALSE
"無菌性髄膜炎","島根県","2026-19","2026-05-10",0,0.0325,0.010833333333333334,3,NA,NA,NA,FALSE
"突発性発しん","島根県","2026-19","2026-05-10",0.64,0.5475,0.5366666666666666,1.02,NA,NA,1.1636,FALSE
"細菌性髄膜炎","島根県","2026-19","2026-05-10",0,0,0.05416666666666667,0,NA,NA,NA,FALSE
"A群溶血性レンサ球菌咽頭炎","広島県","2026-19","2026-05-10",1.73,2.59,2.1533333333333333,1.2,8,0.22,0.6135,FALSE
"RSウイルス","広島県","2026-19","2026-05-10",0.18,0.3975,1.0616666666666668,0.37,NA,NA,0.5294,FALSE
"インフルエンザ","広島県","2026-19","2026-05-10",0.15,0.5525,1.5741666666666667,0.35,30,0,0.25,FALSE
"クラミジア肺炎","広島県","2026-19","2026-05-10",0,0,0,NA,NA,NA,NA,FALSE
"ヘルパンギーナ","広島県","2026-19","2026-05-10",0.14,0.2125,0.14833333333333334,1.43,6,0.02,0.4375,FALSE
"マイコプラズマ肺炎","広島県","2026-19","2026-05-10",0.35,0.26249999999999996,0.215,1.22,NA,NA,2.3333,FALSE
"伝染性紅斑","広島県","2026-19","2026-05-10",0.09,0.07,0.16,0.44,2,0.04,1.2857,FALSE
"咽頭結膜熱","広島県","2026-19","2026-05-10",0.38,0.4075,0.62,0.66,3,0.13,0.5938,FALSE
"急性出血性結膜炎","広島県","2026-19","2026-05-10",0,0,0.013333333333333334,0,1,0,NA,FALSE
"感染性胃腸炎","広島県","2026-19","2026-05-10",3.09,4.0975,5.6175,0.73,20,0.15,0.7392,FALSE
"感染性胃腸炎（ロタウイルス）","広島県","2026-19","2026-05-10",0,0.0125,0.15833333333333333,0.08,NA,NA,0,FALSE
"手足口病","広島県","2026-19","2026-05-10",0.34,0.2775,0.24666666666666667,1.12,5,0.07,0.8718,FALSE
"新型コロナウイルス","広島県","2026-19","2026-05-10",0.48,0.63,1.67,0.38,NA,NA,0.9412,FALSE
"水痘","広島県","2026-19","2026-05-10",0.2,0.2425,0.08916666666666667,2.72,2,0.1,0.7407,FALSE
"流行性耳下腺炎","広島県","2026-19","2026-05-10",0,0.02,0.023333333333333334,0.86,6,0,0,FALSE
"流行性角結膜炎","広島県","2026-19","2026-05-10",0.26,0.355,0.8291666666666666,0.43,8,0.03,0.7027,FALSE
"無菌性髄膜炎","広島県","2026-19","2026-05-10",0,0,0.008333333333333333,0,NA,NA,NA,FALSE
"突発性発しん","広島県","2026-19","2026-05-10",0.13,0.175,0.2525,0.69,NA,NA,0.619,FALSE
"細菌性髄膜炎","広島県","2026-19","2026-05-10",0,0,0.016666666666666666,0,NA,NA,NA,FALSE
"A群溶血性レンサ球菌咽頭炎","徳島県","2026-19","2026-05-10",0.48,0.9999999999999999,0.9525,1.05,8,0.06,0.2874,FALSE
"RSウイルス","徳島県","2026-19","2026-05-10",0.19,0.2025,0.7741666666666667,0.26,NA,NA,1,FALSE
"インフルエンザ","徳島県","2026-19","2026-05-10",0.06,0.4225,0.7008333333333333,0.6,30,0,0.2,FALSE
"クラミジア肺炎","徳島県","2026-19","2026-05-10",0,0,0,NA,NA,NA,NA,FALSE
"ヘルパンギーナ","徳島県","2026-19","2026-05-10",0,0.0125,0.08333333333333333,0.15,6,0,NA,FALSE
"マイコプラズマ肺炎","徳島県","2026-19","2026-05-10",0.29,0.215,0.023333333333333334,9.21,NA,NA,1,FALSE
"伝染性紅斑","徳島県","2026-19","2026-05-10",0.05,0.145,0.028333333333333332,5.12,2,0.03,NA,FALSE
"咽頭結膜熱","徳島県","2026-19","2026-05-10",0.19,0.1325,0.19166666666666668,0.69,3,0.06,1.9,FALSE
"急性出血性結膜炎","徳島県","2026-19","2026-05-10",0,0,0.041666666666666664,0,1,0,NA,FALSE
"感染性胃腸炎","徳島県","2026-19","2026-05-10",3.76,3.4774999999999996,4.644166666666667,0.75,20,0.19,0.9284,FALSE
"感染性胃腸炎（ロタウイルス）","徳島県","2026-19","2026-05-10",0,0,0.035833333333333335,0,NA,NA,NA,FALSE
"手足口病","徳島県","2026-19","2026-05-10",0,0.0125,0.61,0.02,5,0,0,FALSE
"新型コロナウイルス","徳島県","2026-19","2026-05-10",0.88,1.0075,1.9925,0.51,NA,NA,0.7458,FALSE
"水痘","徳島県","2026-19","2026-05-10",0.29,0.1575,0.16583333333333333,0.95,2,0.14,5.8,FALSE
"流行性耳下腺炎","徳島県","2026-19","2026-05-10",0.1,0.025,0.03833333333333334,0.65,6,0.02,NA,FALSE
"流行性角結膜炎","徳島県","2026-19","2026-05-10",0.75,0.4375,0.125,3.5,8,0.09,1.5,FALSE
"無菌性髄膜炎","徳島県","2026-19","2026-05-10",0,0,0.023333333333333334,0,NA,NA,NA,FALSE
"突発性発しん","徳島県","2026-19","2026-05-10",0.24,0.2525,0.35666666666666663,0.71,NA,NA,0.8276,FALSE
"細菌性髄膜炎","徳島県","2026-19","2026-05-10",0,0.035,0.011666666666666667,3,NA,NA,0,FALSE
"A群溶血性レンサ球菌咽頭炎","愛媛県","2026-19","2026-05-10",3.86,5.3875,3.4066666666666667,1.58,8,0.48,0.7437,FALSE
"RSウイルス","愛媛県","2026-19","2026-05-10",0.48,1.3575,1.3616666666666668,1,NA,NA,0.2727,FALSE
"インフルエンザ","愛媛県","2026-19","2026-05-10",0.18,0.6799999999999999,1.2258333333333333,0.55,30,0.01,0.5625,FALSE
"クラミジア肺炎","愛媛県","2026-19","2026-05-10",0,0,0,NA,NA,NA,NA,FALSE
"ヘルパンギーナ","愛媛県","2026-19","2026-05-10",0,0.037500000000000006,0.4533333333333333,0.08,6,0,NA,FALSE
"マイコプラズマ肺炎","愛媛県","2026-19","2026-05-10",0.5,0.21000000000000002,0.1525,1.38,NA,NA,2.9412,FALSE
"伝染性紅斑","愛媛県","2026-19","2026-05-10",0.24,0.4,0.12333333333333334,3.24,2,0.12,0.5,FALSE
"咽頭結膜熱","愛媛県","2026-19","2026-05-10",1,0.66,0.5175,1.28,3,0.33,1.4925,FALSE
"急性出血性結膜炎","愛媛県","2026-19","2026-05-10",0,0,0.010833333333333334,0,1,0,NA,FALSE
"感染性胃腸炎","愛媛県","2026-19","2026-05-10",4.76,8.219999999999999,8.669166666666667,0.95,20,0.24,0.5048,FALSE
"感染性胃腸炎（ロタウイルス）","愛媛県","2026-19","2026-05-10",0,0,0.05583333333333334,0,NA,NA,NA,FALSE
"手足口病","愛媛県","2026-19","2026-05-10",0.24,0.2175,1.2375,0.18,5,0.05,0.6316,FALSE
"新型コロナウイルス","愛媛県","2026-19","2026-05-10",0.34,0.31,1.87375,0.17,NA,NA,1.3077,FALSE
"水痘","愛媛県","2026-19","2026-05-10",0.48,0.495,0.1,4.95,2,0.24,1.2632,FALSE
"流行性耳下腺炎","愛媛県","2026-19","2026-05-10",0,0.0125,0.051666666666666666,0.24,6,0,NA,FALSE
"流行性角結膜炎","愛媛県","2026-19","2026-05-10",0.5,0.97,1.615,0.6,8,0.06,0.5682,FALSE
"無菌性髄膜炎","愛媛県","2026-19","2026-05-10",0,0.0925,0,NA,NA,NA,0,FALSE
"突発性発しん","愛媛県","2026-19","2026-05-10",0.38,0.4825,0.48333333333333334,1,NA,NA,0.6129,FALSE
"細菌性髄膜炎","愛媛県","2026-19","2026-05-10",0,0.0425,0.014166666666666668,3,NA,NA,NA,FALSE
"A群溶血性レンサ球菌咽頭炎","愛知県","2026-19","2026-05-10",0.86,1.655,1.5508333333333333,1.07,8,0.11,0.4831,FALSE
"RSウイルス","愛知県","2026-19","2026-05-10",0.17,0.32,0.7708333333333334,0.42,NA,NA,0.4595,FALSE
"インフルエンザ","愛知県","2026-19","2026-05-10",0.19,0.365,1.1316666666666666,0.32,30,0.01,0.9048,FALSE
"クラミジア肺炎","愛知県","2026-19","2026-05-10",0,0,0,NA,NA,NA,NA,FALSE
"ヘルパンギーナ","愛知県","2026-19","2026-05-10",0.06,0.045,0.041666666666666664,1.08,6,0.01,0.8571,FALSE
"マイコプラズマ肺炎","愛知県","2026-19","2026-05-10",0.33,0.30000000000000004,0.21583333333333335,1.39,NA,NA,1.2222,FALSE
"伝染性紅斑","愛知県","2026-19","2026-05-10",0.03,0.045,0.14166666666666666,0.32,2,0.01,0.4286,FALSE
"咽頭結膜熱","愛知県","2026-19","2026-05-10",0.14,0.11750000000000001,0.2708333333333333,0.43,3,0.05,1,FALSE
"急性出血性結膜炎","愛知県","2026-19","2026-05-10",0,0,0.0475,0,1,0,NA,FALSE
"感染性胃腸炎","愛知県","2026-19","2026-05-10",2.98,4.91,4.504166666666666,1.09,20,0.15,0.5753,FALSE
"感染性胃腸炎（ロタウイルス）","愛知県","2026-19","2026-05-10",0.07,0.085,0.08333333333333334,1.02,NA,NA,1,FALSE
"手足口病","愛知県","2026-19","2026-05-10",0.09,0.1175,0.11666666666666667,1.01,5,0.02,0.75,FALSE
"新型コロナウイルス","愛知県","2026-19","2026-05-10",0.22,0.305,2.49625,0.12,NA,NA,0.7333,FALSE
"水痘","愛知県","2026-19","2026-05-10",0.5,0.3325,0.12916666666666668,2.57,2,0.25,2,FALSE
"流行性耳下腺炎","愛知県","2026-19","2026-05-10",0.02,0.02,0.04583333333333334,0.44,6,0,1,FALSE
"流行性角結膜炎","愛知県","2026-19","2026-05-10",0.11,0.17,0.19833333333333333,0.86,8,0.01,0.3793,FALSE
"無菌性髄膜炎","愛知県","2026-19","2026-05-10",0,0.115,0.03916666666666667,2.94,NA,NA,0,FALSE
"突発性発しん","愛知県","2026-19","2026-05-10",0.12,0.22749999999999998,0.20583333333333334,1.11,NA,NA,0.5,FALSE
"細菌性髄膜炎","愛知県","2026-19","2026-05-10",0,0.0325,0.028333333333333335,1.15,NA,NA,NA,FALSE
"A群溶血性レンサ球菌咽頭炎","新潟県","2026-19","2026-05-10",2.1,4.407500000000001,3.1266666666666665,1.41,8,0.26,0.3665,FALSE
"RSウイルス","新潟県","2026-19","2026-05-10",0.23,0.525,1.505,0.35,NA,NA,0.6216,FALSE
"インフルエンザ","新潟県","2026-19","2026-05-10",0.29,0.95,5.389166666666667,0.18,30,0.01,0.5273,FALSE
"クラミジア肺炎","新潟県","2026-19","2026-05-10",0,0.04,0.006666666666666667,6,NA,NA,0,FALSE
"ヘルパンギーナ","新潟県","2026-19","2026-05-10",0.03,0.0225,0.0125,1.8,6,0,1,FALSE
"マイコプラズマ肺炎","新潟県","2026-19","2026-05-10",0.08,0.23249999999999998,0.14083333333333334,1.65,NA,NA,0.2581,FALSE
"伝染性紅斑","新潟県","2026-19","2026-05-10",0.23,0.35,0.5633333333333334,0.62,2,0.12,0.5349,FALSE
"咽頭結膜熱","新潟県","2026-19","2026-05-10",0.2,0.1825,0.7658333333333334,0.24,3,0.07,1.1765,FALSE
"急性出血性結膜炎","新潟県","2026-19","2026-05-10",0,0.0775,0.06666666666666667,1.16,1,0,0,FALSE
"感染性胃腸炎","新潟県","2026-19","2026-05-10",2.63,4.175,4.3341666666666665,0.96,20,0.13,0.5187,FALSE
"感染性胃腸炎（ロタウイルス）","新潟県","2026-19","2026-05-10",0.08,0.02,0.019166666666666665,1.04,NA,NA,NA,FALSE
"手足口病","新潟県","2026-19","2026-05-10",0,0.0425,0.07,0.61,5,0,0,FALSE
"新型コロナウイルス","新潟県","2026-19","2026-05-10",0.71,0.8425,3.61875,0.23,NA,NA,0.8452,FALSE
"水痘","新潟県","2026-19","2026-05-10",0.23,0.46499999999999997,0.18833333333333332,2.47,2,0.12,0.46,FALSE
"流行性耳下腺炎","新潟県","2026-19","2026-05-10",0,0,0.0475,0,6,0,NA,FALSE
"流行性角結膜炎","新潟県","2026-19","2026-05-10",1.7,0.8775,0.4,2.19,8,0.21,1.3077,FALSE
"無菌性髄膜炎","新潟県","2026-19","2026-05-10",0,0,0.013333333333333334,0,NA,NA,NA,FALSE
"突発性発しん","新潟県","2026-19","2026-05-10",0.13,0.1325,0.24416666666666667,0.54,NA,NA,0.5652,FALSE
"細菌性髄膜炎","新潟県","2026-19","2026-05-10",0.15,0.095,0.006666666666666667,14.25,NA,NA,1,FALSE
"A群溶血性レンサ球菌咽頭炎","東京都","2026-19","2026-05-10",0.92,1.615,2.441666666666667,0.66,8,0.12,0.4792,FALSE
"RSウイルス","東京都","2026-19","2026-05-10",0.09,0.22500000000000003,0.7358333333333333,0.31,NA,NA,0.4286,FALSE
"インフルエンザ","東京都","2026-19","2026-05-10",0.07,0.2775,0.8958333333333334,0.31,30,0,0.3182,FALSE
"クラミジア肺炎","東京都","2026-19","2026-05-10",0,0.02,0.023333333333333334,0.86,NA,NA,0,FALSE
"ヘルパンギーナ","東京都","2026-19","2026-05-10",0.03,0.03,0.07416666666666667,0.4,6,0,1,FALSE
"マイコプラズマ肺炎","東京都","2026-19","2026-05-10",0.12,0.12000000000000001,0.08333333333333333,1.44,NA,NA,1,FALSE
"伝染性紅斑","東京都","2026-19","2026-05-10",0.02,0.035,0.31583333333333335,0.11,2,0.01,0.6667,FALSE
"咽頭結膜熱","東京都","2026-19","2026-05-10",0.16,0.16,0.2966666666666667,0.54,3,0.05,0.8889,FALSE
"急性出血性結膜炎","東京都","2026-19","2026-05-10",0,0,0.043333333333333335,0,1,0,NA,FALSE
"感染性胃腸炎","東京都","2026-19","2026-05-10",3.34,4.9075,5.384166666666667,0.91,20,0.17,0.6485,FALSE
"感染性胃腸炎（ロタウイルス）","東京都","2026-19","2026-05-10",0.12,0.17,0.05333333333333333,3.19,NA,NA,0.75,FALSE
"手足口病","東京都","2026-19","2026-05-10",0.16,0.12250000000000001,0.13333333333333333,0.92,5,0.03,1.2308,FALSE
"新型コロナウイルス","東京都","2026-19","2026-05-10",0.19,0.445,1.48375,0.3,NA,NA,0.5429,FALSE
"水痘","東京都","2026-19","2026-05-10",0.33,0.35,0.33166666666666667,1.06,2,0.16,0.9167,FALSE
"流行性耳下腺炎","東京都","2026-19","2026-05-10",0.05,0.04750000000000001,0.059166666666666666,0.8,6,0.01,1,FALSE
"流行性角結膜炎","東京都","2026-19","2026-05-10",0.28,0.40249999999999997,0.44166666666666665,0.91,8,0.04,0.6829,FALSE
"無菌性髄膜炎","東京都","2026-19","2026-05-10",0,0.04,0.013333333333333334,3,NA,NA,NA,FALSE
"突発性発しん","東京都","2026-19","2026-05-10",0.25,0.28750000000000003,0.32916666666666666,0.87,NA,NA,0.7576,FALSE
"細菌性髄膜炎","東京都","2026-19","2026-05-10",0,0.01,0.016666666666666666,0.6,NA,NA,NA,FALSE
"A群溶血性レンサ球菌咽頭炎","栃木県","2026-19","2026-05-10",2.33,3.48,2.7508333333333335,1.27,8,0.29,0.6997,FALSE
"RSウイルス","栃木県","2026-19","2026-05-10",0.19,0.455,0.6783333333333333,0.67,NA,NA,0.3016,FALSE
"インフルエンザ","栃木県","2026-19","2026-05-10",0.15,0.33499999999999996,1.0133333333333334,0.33,30,0,0.7895,FALSE
"クラミジア肺炎","栃木県","2026-19","2026-05-10",0,0.035,0.023333333333333334,1.5,NA,NA,NA,FALSE
"ヘルパンギーナ","栃木県","2026-19","2026-05-10",0,0.01,0.0375,0.27,6,0,NA,FALSE
"マイコプラズマ肺炎","栃木県","2026-19","2026-05-10",0.14,0.035,0.07083333333333333,0.49,NA,NA,NA,FALSE
"伝染性紅斑","栃木県","2026-19","2026-05-10",0,0.055,1.5841666666666667,0.03,2,0,NA,FALSE
"咽頭結膜熱","栃木県","2026-19","2026-05-10",0.26,0.1375,0.20833333333333334,0.66,3,0.09,3.7143,FALSE
"急性出血性結膜炎","栃木県","2026-19","2026-05-10",0,0,0,NA,1,0,NA,FALSE
"感染性胃腸炎","栃木県","2026-19","2026-05-10",2.52,3,3.0633333333333335,0.98,20,0.13,1.1721,FALSE
"感染性胃腸炎（ロタウイルス）","栃木県","2026-19","2026-05-10",0,0.10500000000000001,0.09583333333333333,1.1,NA,NA,0,FALSE
"手足口病","栃木県","2026-19","2026-05-10",0,0.02,0.11416666666666667,0.18,5,0,0,FALSE
"新型コロナウイルス","栃木県","2026-19","2026-05-10",0.26,0.385,2.07125,0.19,NA,NA,0.4727,FALSE
"水痘","栃木県","2026-19","2026-05-10",0.59,0.2575,0.10166666666666667,2.53,2,0.3,5.3636,FALSE
"流行性耳下腺炎","栃木県","2026-19","2026-05-10",0.07,0.037500000000000006,0.055,0.68,6,0.01,1.75,FALSE
"流行性角結膜炎","栃木県","2026-19","2026-05-10",0.67,0.6875,0.8125,0.85,8,0.08,1.34,FALSE
"無菌性髄膜炎","栃木県","2026-19","2026-05-10",0,0.0725,0.0475,1.53,NA,NA,NA,FALSE
"突発性発しん","栃木県","2026-19","2026-05-10",0.15,0.3325,0.3858333333333333,0.86,NA,NA,0.4545,FALSE
"細菌性髄膜炎","栃木県","2026-19","2026-05-10",0,0,0.011666666666666667,0,NA,NA,NA,FALSE
"A群溶血性レンサ球菌咽頭炎","沖縄県","2026-19","2026-05-10",1.04,1.1775,1.9716666666666667,0.6,8,0.13,0.6228,FALSE
"RSウイルス","沖縄県","2026-19","2026-05-10",0.63,0.6375,1.1491666666666667,0.55,NA,NA,1.26,FALSE
"インフルエンザ","沖縄県","2026-19","2026-05-10",2.32,3.12,2.1966666666666668,1.42,30,0.08,0.8375,FALSE
"クラミジア肺炎","沖縄県","2026-19","2026-05-10",0,0,0,NA,NA,NA,NA,FALSE
"ヘルパンギーナ","沖縄県","2026-19","2026-05-10",0.21,0.1875,0.2225,0.84,6,0.03,0.7241,FALSE
"マイコプラズマ肺炎","沖縄県","2026-19","2026-05-10",0.14,0.07,0.725,0.1,NA,NA,1,FALSE
"伝染性紅斑","沖縄県","2026-19","2026-05-10",0,0.01,0.13916666666666666,0.07,2,0,0,FALSE
"咽頭結膜熱","沖縄県","2026-19","2026-05-10",0.21,0.3325,0.4575,0.73,3,0.07,0.42,FALSE
"急性出血性結膜炎","沖縄県","2026-19","2026-05-10",0,0,0.010833333333333334,0,1,0,NA,FALSE
"感染性胃腸炎","沖縄県","2026-19","2026-05-10",3.21,3.4275,2.776666666666667,1.23,20,0.16,0.707,FALSE
"感染性胃腸炎（ロタウイルス）","沖縄県","2026-19","2026-05-10",0.14,0.035,0.0725,0.48,NA,NA,NA,FALSE
"手足口病","沖縄県","2026-19","2026-05-10",0.13,0.1175,1.8008333333333333,0.07,5,0.03,0.619,FALSE
"新型コロナウイルス","沖縄県","2026-19","2026-05-10",0.84,1.1724999999999999,5.04875,0.23,NA,NA,0.6462,FALSE
"水痘","沖縄県","2026-19","2026-05-10",0.63,0.7525,0.43,1.75,2,0.32,1.3696,FALSE
"流行性耳下腺炎","沖縄県","2026-19","2026-05-10",0,0,0.08333333333333334,0,6,0,NA,FALSE
"流行性角結膜炎","沖縄県","2026-19","2026-05-10",1.56,1.5,2.3733333333333335,0.63,8,0.2,1.1729,FALSE
"無菌性髄膜炎","沖縄県","2026-19","2026-05-10",0,0.0725,0.023333333333333334,3.11,NA,NA,0,FALSE
"突発性発しん","沖縄県","2026-19","2026-05-10",0.5,0.24999999999999997,0.24083333333333334,1.04,NA,NA,2.381,FALSE
"細菌性髄膜炎","沖縄県","2026-19","2026-05-10",0.14,0.035,0.0475,0.74,NA,NA,NA,FALSE
"A群溶血性レンサ球菌咽頭炎","滋賀県","2026-19","2026-05-10",0.78,1.54,1.5608333333333333,0.99,8,0.1,0.5455,FALSE
"RSウイルス","滋賀県","2026-19","2026-05-10",0.13,0.3375,1.2233333333333334,0.28,NA,NA,0.5,FALSE
"インフルエンザ","滋賀県","2026-19","2026-05-10",0.18,0.4875,1.0333333333333332,0.47,30,0.01,0.5,FALSE
"クラミジア肺炎","滋賀県","2026-19","2026-05-10",0,0,0,NA,NA,NA,NA,FALSE
"ヘルパンギーナ","滋賀県","2026-19","2026-05-10",0,0.02,0.07583333333333334,0.26,6,0,NA,FALSE
"マイコプラズマ肺炎","滋賀県","2026-19","2026-05-10",0,0.035,0.14250000000000002,0.25,NA,NA,0,FALSE
"伝染性紅斑","滋賀県","2026-19","2026-05-10",0,0.02,0.25416666666666665,0.08,2,0,0,FALSE
"咽頭結膜熱","滋賀県","2026-19","2026-05-10",0.26,0.26,0.3066666666666667,0.85,3,0.09,1,FALSE
"急性出血性結膜炎","滋賀県","2026-19","2026-05-10",0,0,0,NA,1,0,NA,FALSE
"感染性胃腸炎","滋賀県","2026-19","2026-05-10",2.13,3.1300000000000003,4.153333333333333,0.75,20,0.11,0.621,FALSE
"感染性胃腸炎（ロタウイルス）","滋賀県","2026-19","2026-05-10",0,0,0,NA,NA,NA,NA,FALSE
"手足口病","滋賀県","2026-19","2026-05-10",0.13,0.10750000000000001,0.19583333333333333,0.55,5,0.03,1,FALSE
"新型コロナウイルス","滋賀県","2026-19","2026-05-10",0.21,0.495,1.8362500000000002,0.27,NA,NA,0.4118,FALSE
"水痘","滋賀県","2026-19","2026-05-10",0.22,0.37,0.215,1.72,2,0.11,0.5641,FALSE
"流行性耳下腺炎","滋賀県","2026-19","2026-05-10",0.04,0.0425,0.06916666666666667,0.61,6,0.01,0.4444,FALSE
"流行性角結膜炎","滋賀県","2026-19","2026-05-10",0,0,0.055,0,8,0,NA,FALSE
"無菌性髄膜炎","滋賀県","2026-19","2026-05-10",0,0.10500000000000001,0.035,3,NA,NA,0,FALSE
"突発性発しん","滋賀県","2026-19","2026-05-10",0.3,0.175,0.25666666666666665,0.68,NA,NA,1.3636,FALSE
"細菌性髄膜炎","滋賀県","2026-19","2026-05-10",0,0,0.035833333333333335,0,NA,NA,NA,FALSE
"A群溶血性レンサ球菌咽頭炎","熊本県","2026-19","2026-05-10",1.94,3.17,1.9075,1.66,8,0.24,0.4586,FALSE
"RSウイルス","熊本県","2026-19","2026-05-10",0.28,0.365,0.5875,0.62,NA,NA,1.0769,FALSE
"インフルエンザ","熊本県","2026-19","2026-05-10",0.04,0.33499999999999996,1.0150000000000001,0.33,30,0,0.1739,FALSE
"クラミジア肺炎","熊本県","2026-19","2026-05-10",0,0,0,NA,NA,NA,NA,FALSE
"ヘルパンギーナ","熊本県","2026-19","2026-05-10",0.21,0.15750000000000003,0.6916666666666667,0.23,6,0.03,0.913,FALSE
"マイコプラズマ肺炎","熊本県","2026-19","2026-05-10",0,0.0825,0.17250000000000001,0.48,NA,NA,0,FALSE
"伝染性紅斑","熊本県","2026-19","2026-05-10",0.26,0.2625,0.12166666666666667,2.16,2,0.13,1.2381,FALSE
"咽頭結膜熱","熊本県","2026-19","2026-05-10",0.19,0.2275,0.32083333333333336,0.71,3,0.06,0.7308,FALSE
"急性出血性結膜炎","熊本県","2026-19","2026-05-10",0,0,0,NA,1,0,NA,FALSE
"感染性胃腸炎","熊本県","2026-19","2026-05-10",1.64,3.3200000000000003,5.801666666666667,0.57,20,0.08,0.41,FALSE
"感染性胃腸炎（ロタウイルス）","熊本県","2026-19","2026-05-10",0,0.0175,0.07250000000000001,0.24,NA,NA,0,FALSE
"手足口病","熊本県","2026-19","2026-05-10",1.34,0.8475000000000001,0.4058333333333333,2.09,5,0.27,1.0635,FALSE
"新型コロナウイルス","熊本県","2026-19","2026-05-10",0.42,0.435,1.9675,0.22,NA,NA,1.2,FALSE
"水痘","熊本県","2026-19","2026-05-10",0.28,0.325,0.2325,1.4,2,0.14,0.7368,FALSE
"流行性耳下腺炎","熊本県","2026-19","2026-05-10",0.02,0.0475,0.035,1.36,6,0,1,FALSE
"流行性角結膜炎","熊本県","2026-19","2026-05-10",0.44,0.525,0.9108333333333334,0.58,8,0.06,2,FALSE
"無菌性髄膜炎","熊本県","2026-19","2026-05-10",0.13,0.1,0.02916666666666667,3.43,NA,NA,0.65,FALSE
"突発性発しん","熊本県","2026-19","2026-05-10",0.45,0.5575000000000001,0.585,0.95,NA,NA,0.6618,FALSE
"細菌性髄膜炎","熊本県","2026-19","2026-05-10",0,0,0.005833333333333334,0,NA,NA,NA,FALSE
"A群溶血性レンサ球菌咽頭炎","石川県","2026-19","2026-05-10",2.32,4.257499999999999,1.7591666666666665,2.42,8,0.29,0.3779,FALSE
"RSウイルス","石川県","2026-19","2026-05-10",0.25,0.5725,1.0725,0.53,NA,NA,0.7812,FALSE
"インフルエンザ","石川県","2026-19","2026-05-10",0.36,1.0499999999999998,0.5966666666666667,1.76,30,0.01,0.4557,FALSE
"クラミジア肺炎","石川県","2026-19","2026-05-10",0,0.15000000000000002,0,NA,NA,NA,0,FALSE
"ヘルパンギーナ","石川県","2026-19","2026-05-10",0.11,0.115,0.2425,0.47,6,0.02,0.7857,FALSE
"マイコプラズマ肺炎","石川県","2026-19","2026-05-10",0,0.1,0.11666666666666667,0.86,NA,NA,NA,FALSE
"伝染性紅斑","石川県","2026-19","2026-05-10",0,0.01,0.81,0.01,2,0,NA,FALSE
"咽頭結膜熱","石川県","2026-19","2026-05-10",0.25,0.3575,0.45,0.79,3,0.08,0.6944,FALSE
"急性出血性結膜炎","石川県","2026-19","2026-05-10",0,0,0.2375,0,1,0,NA,FALSE
"感染性胃腸炎","石川県","2026-19","2026-05-10",3.96,6.3475,9.17,0.69,20,0.2,0.4698,FALSE
"感染性胃腸炎（ロタウイルス）","石川県","2026-19","2026-05-10",0,0.1,0.016666666666666666,6,NA,NA,NA,FALSE
"手足口病","石川県","2026-19","2026-05-10",0.75,0.6075,0.5091666666666667,1.19,5,0.15,0.8065,FALSE
"新型コロナウイルス","石川県","2026-19","2026-05-10",0.32,0.49000000000000005,2.2175,0.22,NA,NA,0.6038,FALSE
"水痘","石川県","2026-19","2026-05-10",0.61,0.5,0.16833333333333333,2.97,2,0.3,1.1296,FALSE
"流行性耳下腺炎","石川県","2026-19","2026-05-10",0,0.01,0.018333333333333333,0.55,6,0,0,FALSE
"流行性角結膜炎","石川県","2026-19","2026-05-10",0.71,0.6425,0.9766666666666667,0.66,8,0.09,1.6512,FALSE
"無菌性髄膜炎","石川県","2026-19","2026-05-10",0,0,0.016666666666666666,0,NA,NA,NA,FALSE
"突発性発しん","石川県","2026-19","2026-05-10",0.32,0.195,0.255,0.76,NA,NA,2.9091,FALSE
"細菌性髄膜炎","石川県","2026-19","2026-05-10",0,0,0,NA,NA,NA,NA,FALSE
"A群溶血性レンサ球菌咽頭炎","神奈川県","2026-19","2026-05-10",1.26,2.105,1.8358333333333332,1.15,8,0.16,0.4632,FALSE
"RSウイルス","神奈川県","2026-19","2026-05-10",0.13,0.22,0.5683333333333334,0.39,NA,NA,0.4483,FALSE
"インフルエンザ","神奈川県","2026-19","2026-05-10",0.09,0.33499999999999996,0.8983333333333333,0.37,30,0,0.4091,FALSE
"クラミジア肺炎","神奈川県","2026-19","2026-05-10",0,0,0,NA,NA,NA,NA,FALSE
"ヘルパンギーナ","神奈川県","2026-19","2026-05-10",0.01,0.01,0.049166666666666664,0.2,6,0,1,FALSE
"マイコプラズマ肺炎","神奈川県","2026-19","2026-05-10",0.42,0.22999999999999998,0.11750000000000001,1.96,NA,NA,2.4706,FALSE
"伝染性紅斑","神奈川県","2026-19","2026-05-10",0.03,0.0375,0.45,0.08,2,0.01,1,FALSE
"咽頭結膜熱","神奈川県","2026-19","2026-05-10",0.09,0.10250000000000001,0.24083333333333334,0.43,3,0.03,0.6429,FALSE
"急性出血性結膜炎","神奈川県","2026-19","2026-05-10",0,0,0.025833333333333333,0,1,0,NA,FALSE
"感染性胃腸炎","神奈川県","2026-19","2026-05-10",2.7,3.83,4.039166666666667,0.95,20,0.14,0.6569,FALSE
"感染性胃腸炎（ロタウイルス）","神奈川県","2026-19","2026-05-10",0.17,0.0625,0.058333333333333334,1.07,NA,NA,NA,FALSE
"手足口病","神奈川県","2026-19","2026-05-10",0.1,0.065,0.11,0.59,5,0.02,5,FALSE
"新型コロナウイルス","神奈川県","2026-19","2026-05-10",0.23,0.5175000000000001,1.7525,0.3,NA,NA,0.5227,FALSE
"水痘","神奈川県","2026-19","2026-05-10",0.34,0.37,0.4766666666666667,0.78,2,0.17,1,FALSE
"流行性耳下腺炎","神奈川県","2026-19","2026-05-10",0.06,0.057499999999999996,0.06,0.96,6,0.01,0.6667,FALSE
"流行性角結膜炎","神奈川県","2026-19","2026-05-10",0.76,0.69,1.2216666666666667,0.56,8,0.1,0.9048,FALSE
"無菌性髄膜炎","神奈川県","2026-19","2026-05-10",0,0.10500000000000001,0.09916666666666667,1.06,NA,NA,0,FALSE
"突発性発しん","神奈川県","2026-19","2026-05-10",0.21,0.3075,0.29083333333333333,1.06,NA,NA,0.5526,FALSE
"細菌性髄膜炎","神奈川県","2026-19","2026-05-10",0.08,0.04,0.013333333333333334,3,NA,NA,1,FALSE
"A群溶血性レンサ球菌咽頭炎","福井県","2026-19","2026-05-10",2.32,3.59,2.2925,1.57,8,0.29,0.6744,FALSE
"RSウイルス","福井県","2026-19","2026-05-10",0.44,0.38,2.55,0.15,NA,NA,1.375,FALSE
"インフルエンザ","福井県","2026-19","2026-05-10",0.05,0.7350000000000001,0.595,1.24,30,0,0.098,FALSE
"クラミジア肺炎","福井県","2026-19","2026-05-10",0,0,0,NA,NA,NA,NA,FALSE
"ヘルパンギーナ","福井県","2026-19","2026-05-10",0.04,0.19000000000000003,0.38083333333333336,0.5,6,0.01,0.1429,FALSE
"マイコプラズマ肺炎","福井県","2026-19","2026-05-10",0.67,0.4175,0.7358333333333333,0.57,NA,NA,2.0303,FALSE
"伝染性紅斑","福井県","2026-19","2026-05-10",0.16,0.12000000000000001,0.24666666666666667,0.49,2,0.08,1.3333,FALSE
"咽頭結膜熱","福井県","2026-19","2026-05-10",0.64,0.4,0.7391666666666666,0.54,3,0.21,2.2857,FALSE
"急性出血性結膜炎","福井県","2026-19","2026-05-10",0,0,0,NA,1,0,NA,FALSE
"感染性胃腸炎","福井県","2026-19","2026-05-10",4.32,5.07,6.126666666666667,0.83,20,0.22,0.812,FALSE
"感染性胃腸炎（ロタウイルス）","福井県","2026-19","2026-05-10",0.17,0.29000000000000004,0.07,4.14,NA,NA,0.5152,FALSE
"手足口病","福井県","2026-19","2026-05-10",0.76,1.4000000000000001,1.5241666666666667,0.92,5,0.15,0.4043,FALSE
"新型コロナウイルス","福井県","2026-19","2026-05-10",0.44,0.8800000000000001,1.49625,0.59,NA,NA,0.4783,FALSE
"水痘","福井県","2026-19","2026-05-10",0.32,0.28,0.1225,2.29,2,0.16,0.6667,FALSE
"流行性耳下腺炎","福井県","2026-19","2026-05-10",0.04,0.02,0.06416666666666666,0.31,6,0.01,NA,FALSE
"流行性角結膜炎","福井県","2026-19","2026-05-10",0,0,0.0275,0,8,0,NA,FALSE
"無菌性髄膜炎","福井県","2026-19","2026-05-10",0,0.0425,0.0425,1,NA,NA,NA,FALSE
"突発性発しん","福井県","2026-19","2026-05-10",0.04,0.17,0.2775,0.61,NA,NA,0.2,FALSE
"細菌性髄膜炎","福井県","2026-19","2026-05-10",0,0,0.028333333333333335,0,NA,NA,NA,FALSE
"A群溶血性レンサ球菌咽頭炎","福岡県","2026-19","2026-05-10",2.86,4.7225,3.8833333333333333,1.22,8,0.36,0.5686,FALSE
"RSウイルス","福岡県","2026-19","2026-05-10",0.83,1.2650000000000001,1.2716666666666667,0.99,NA,NA,0.7155,FALSE
"インフルエンザ","福岡県","2026-19","2026-05-10",0.11,0.3325,1.0616666666666668,0.31,30,0,0.5238,FALSE
"クラミジア肺炎","福岡県","2026-19","2026-05-10",0,0,0,NA,NA,NA,NA,FALSE
"ヘルパンギーナ","福岡県","2026-19","2026-05-10",0.16,0.1925,0.30916666666666665,0.62,6,0.03,0.4706,FALSE
"マイコプラズマ肺炎","福岡県","2026-19","2026-05-10",0.07,0.0675,0.09916666666666667,0.68,NA,NA,NA,FALSE
"伝染性紅斑","福岡県","2026-19","2026-05-10",0.07,0.05,0.3666666666666667,0.14,2,0.04,2.3333,FALSE
"咽頭結膜熱","福岡県","2026-19","2026-05-10",0.53,0.725,0.5716666666666667,1.27,3,0.18,0.6974,FALSE
"急性出血性結膜炎","福岡県","2026-19","2026-05-10",0.19,0.095,0.013333333333333334,7.12,1,0.19,NA,FALSE
"感染性胃腸炎","福岡県","2026-19","2026-05-10",3.29,5,6.361666666666666,0.79,20,0.16,0.7247,FALSE
"感染性胃腸炎（ロタウイルス）","福岡県","2026-19","2026-05-10",0,0.05,0.15583333333333332,0.32,NA,NA,NA,FALSE
"手足口病","福岡県","2026-19","2026-05-10",1.33,1.0274999999999999,0.5066666666666667,2.03,5,0.27,1.1667,FALSE
"新型コロナウイルス","福岡県","2026-19","2026-05-10",0.39,0.355,1.665,0.21,NA,NA,0.907,FALSE
"水痘","福岡県","2026-19","2026-05-10",0.87,0.7575000000000001,0.3466666666666667,2.19,2,0.44,1.2985,FALSE
"流行性耳下腺炎","福岡県","2026-19","2026-05-10",0.04,0.052500000000000005,0.0775,0.68,6,0.01,0.6667,FALSE
"流行性角結膜炎","福岡県","2026-19","2026-05-10",0.5,0.8524999999999999,0.3258333333333333,2.62,8,0.06,0.7692,FALSE
"無菌性髄膜炎","福岡県","2026-19","2026-05-10",0.07,0.035,0.011666666666666667,3,NA,NA,NA,FALSE
"突発性発しん","福岡県","2026-19","2026-05-10",0.5,0.4775,0.44916666666666666,1.06,NA,NA,1.0204,FALSE
"細菌性髄膜炎","福岡県","2026-19","2026-05-10",0,0.05,0.011666666666666667,4.29,NA,NA,0,FALSE
"A群溶血性レンサ球菌咽頭炎","福島県","2026-19","2026-05-10",1.57,2.2325,2.5025,0.89,8,0.2,0.5709,FALSE
"RSウイルス","福島県","2026-19","2026-05-10",0.32,0.48250000000000004,0.9533333333333334,0.51,NA,NA,1.28,FALSE
"インフルエンザ","福島県","2026-19","2026-05-10",0.25,0.775,1.9291666666666667,0.4,30,0.01,0.3731,FALSE
"クラミジア肺炎","福島県","2026-19","2026-05-10",0,0.035,0,NA,NA,NA,NA,FALSE
"ヘルパンギーナ","福島県","2026-19","2026-05-10",0.04,0.01,0.01916666666666667,0.52,6,0.01,NA,FALSE
"マイコプラズマ肺炎","福島県","2026-19","2026-05-10",0,0.1075,0.13083333333333333,0.82,NA,NA,0,FALSE
"伝染性紅斑","福島県","2026-19","2026-05-10",0,0,1.0908333333333333,0,2,0,NA,FALSE
"咽頭結膜熱","福島県","2026-19","2026-05-10",0.18,0.20500000000000002,0.5333333333333333,0.38,3,0.06,2.5714,FALSE
"急性出血性結膜炎","福島県","2026-19","2026-05-10",0,0,0.006666666666666667,0,1,0,NA,FALSE
"感染性胃腸炎","福島県","2026-19","2026-05-10",2.61,4.205,3.935,1.07,20,0.13,0.5415,FALSE
"感染性胃腸炎（ロタウイルス）","福島県","2026-19","2026-05-10",0,0,0.11916666666666666,0,NA,NA,NA,FALSE
"手足口病","福島県","2026-19","2026-05-10",0.04,0.037500000000000006,0.041666666666666664,0.9,5,0.01,1,FALSE
"新型コロナウイルス","福島県","2026-19","2026-05-10",0.65,1.0675,2.3475,0.45,NA,NA,0.5118,FALSE
"水痘","福島県","2026-19","2026-05-10",0.57,0.6325,0.36666666666666664,1.73,2,0.28,1,FALSE
"流行性耳下腺炎","福島県","2026-19","2026-05-10",0.07,0.0625,0.060833333333333336,1.03,6,0.01,0.5,FALSE
"流行性角結膜炎","福島県","2026-19","2026-05-10",0.92,0.5,1.4291666666666667,0.35,8,0.12,6.1333,FALSE
"無菌性髄膜炎","福島県","2026-19","2026-05-10",0,0.07,0,NA,NA,NA,0,FALSE
"突発性発しん","福島県","2026-19","2026-05-10",0.14,0.30250000000000005,0.3616666666666667,0.84,NA,NA,0.3043,FALSE
"細菌性髄膜炎","福島県","2026-19","2026-05-10",0,0,0.023333333333333334,0,NA,NA,NA,FALSE
"A群溶血性レンサ球菌咽頭炎","秋田県","2026-19","2026-05-10",0.85,1.5225000000000002,1.8133333333333332,0.84,8,0.11,0.4802,FALSE
"RSウイルス","秋田県","2026-19","2026-05-10",0.23,0.21000000000000002,0.20583333333333334,1.02,NA,NA,1,FALSE
"インフルエンザ","秋田県","2026-19","2026-05-10",0.56,0.93,2.8233333333333333,0.33,30,0.02,0.7778,FALSE
"クラミジア肺炎","秋田県","2026-19","2026-05-10",0,0,0,NA,NA,NA,NA,FALSE
"ヘルパンギーナ","秋田県","2026-19","2026-05-10",0,0,0.03,0,6,0,NA,FALSE
"マイコプラズマ肺炎","秋田県","2026-19","2026-05-10",0.13,0.0325,0.26083333333333336,0.12,NA,NA,NA,FALSE
"伝染性紅斑","秋田県","2026-19","2026-05-10",0,0.0975,0.2,0.49,2,0,0,FALSE
"咽頭結膜熱","秋田県","2026-19","2026-05-10",0,0.155,0.2633333333333333,0.59,3,0,0,FALSE
"急性出血性結膜炎","秋田県","2026-19","2026-05-10",0,0.07,0.08666666666666667,0.81,1,0,0,FALSE
"感染性胃腸炎","秋田県","2026-19","2026-05-10",2.54,4.385,2.555,1.72,20,0.13,0.612,FALSE
"感染性胃腸炎（ロタウイルス）","秋田県","2026-19","2026-05-10",0,0,0,NA,NA,NA,NA,FALSE
"手足口病","秋田県","2026-19","2026-05-10",0,0.057499999999999996,0.051666666666666666,1.11,5,0,0,FALSE
"新型コロナウイルス","秋田県","2026-19","2026-05-10",1.04,1.74,3.56,0.49,NA,NA,0.4906,FALSE
"水痘","秋田県","2026-19","2026-05-10",0.08,0.3075,0.255,1.21,2,0.04,0.1739,FALSE
"流行性耳下腺炎","秋田県","2026-19","2026-05-10",0,0.0775,0.005,15.5,6,0,0,FALSE
"流行性角結膜炎","秋田県","2026-19","2026-05-10",0.14,0.17750000000000002,0.25416666666666665,0.7,8,0.02,0.4828,FALSE
"無菌性髄膜炎","秋田県","2026-19","2026-05-10",0,0,0,NA,NA,NA,NA,FALSE
"突発性発しん","秋田県","2026-19","2026-05-10",0.08,0.21250000000000002,0.155,1.37,NA,NA,0.3478,FALSE
"細菌性髄膜炎","秋田県","2026-19","2026-05-10",0,0,0.010833333333333334,0,NA,NA,NA,FALSE
"A群溶血性レンサ球菌咽頭炎","群馬県","2026-19","2026-05-10",1.96,3.55,1.8875,1.88,8,0.24,0.4261,FALSE
"RSウイルス","群馬県","2026-19","2026-05-10",0.24,0.35,0.7116666666666667,0.49,NA,NA,0.6,FALSE
"インフルエンザ","群馬県","2026-19","2026-05-10",0.04,0.3275,1.5958333333333334,0.21,30,0,0.1481,FALSE
"クラミジア肺炎","群馬県","2026-19","2026-05-10",0,0,0,NA,NA,NA,NA,FALSE
"ヘルパンギーナ","群馬県","2026-19","2026-05-10",0.12,0.05,0.1275,0.39,6,0.02,NA,FALSE
"マイコプラズマ肺炎","群馬県","2026-19","2026-05-10",0.22,0.36000000000000004,0.14750000000000002,2.44,NA,NA,0.3929,FALSE
"伝染性紅斑","群馬県","2026-19","2026-05-10",0.08,0.060000000000000005,1.1233333333333333,0.05,2,0.04,NA,FALSE
"咽頭結膜熱","群馬県","2026-19","2026-05-10",0.52,0.38,0.52,0.73,3,0.17,1.3,FALSE
"急性出血性結膜炎","群馬県","2026-19","2026-05-10",0,0,0.005833333333333334,0,1,0,NA,FALSE
"感染性胃腸炎","群馬県","2026-19","2026-05-10",5.04,5.98,5.2775,1.13,20,0.25,0.7,FALSE
"感染性胃腸炎（ロタウイルス）","群馬県","2026-19","2026-05-10",0,0.055,0.195,0.28,NA,NA,NA,FALSE
"手足口病","群馬県","2026-19","2026-05-10",0,0.03,0.7691666666666667,0.04,5,0,0,FALSE
"新型コロナウイルス","群馬県","2026-19","2026-05-10",0.38,0.7250000000000001,1.99125,0.36,NA,NA,0.5672,FALSE
"水痘","群馬県","2026-19","2026-05-10",0.72,0.58,0.2075,2.8,2,0.36,1.8,FALSE
"流行性耳下腺炎","群馬県","2026-19","2026-05-10",0.08,0.07,0.08583333333333333,0.82,6,0.01,2,FALSE
"流行性角結膜炎","群馬県","2026-19","2026-05-10",0.2,0.45,0.5783333333333334,0.78,8,0.03,0.4,FALSE
"無菌性髄膜炎","群馬県","2026-19","2026-05-10",0,0.0275,0,NA,NA,NA,NA,FALSE
"突発性発しん","群馬県","2026-19","2026-05-10",0.16,0.32999999999999996,0.4416666666666667,0.75,NA,NA,0.3636,FALSE
"細菌性髄膜炎","群馬県","2026-19","2026-05-10",0,0,0.009166666666666667,0,NA,NA,NA,FALSE
"A群溶血性レンサ球菌咽頭炎","茨城県","2026-19","2026-05-10",3.22,4.865,3.8225,1.27,8,0.4,0.4749,FALSE
"RSウイルス","茨城県","2026-19","2026-05-10",0.14,0.2225,0.45666666666666667,0.49,NA,NA,0.4,FALSE
"インフルエンザ","茨城県","2026-19","2026-05-10",0.15,0.355,1.1225,0.32,30,0,0.625,FALSE
"クラミジア肺炎","茨城県","2026-19","2026-05-10",0,0,0,NA,NA,NA,NA,FALSE
"ヘルパンギーナ","茨城県","2026-19","2026-05-10",0,0.02,0.05333333333333334,0.38,6,0,NA,FALSE
"マイコプラズマ肺炎","茨城県","2026-19","2026-05-10",0.15,0.22999999999999998,0.14,1.64,NA,NA,0.4839,FALSE
"伝染性紅斑","茨城県","2026-19","2026-05-10",0.05,0.0325,0.73,0.04,2,0.03,NA,FALSE
"咽頭結膜熱","茨城県","2026-19","2026-05-10",0.22,0.23,0.3908333333333333,0.59,3,0.07,1.1579,FALSE
"急性出血性結膜炎","茨城県","2026-19","2026-05-10",0,0,0.005,0,1,0,NA,FALSE
"感染性胃腸炎","茨城県","2026-19","2026-05-10",2.68,4.57,4.485833333333333,1.02,20,0.13,0.5414,FALSE
"感染性胃腸炎（ロタウイルス）","茨城県","2026-19","2026-05-10",0.08,0.0775,0.006666666666666667,11.62,NA,NA,1,FALSE
"手足口病","茨城県","2026-19","2026-05-10",0.22,0.1075,0.1675,0.64,5,0.04,2.75,FALSE
"新型コロナウイルス","茨城県","2026-19","2026-05-10",0.48,0.7725,2.3649999999999998,0.33,NA,NA,0.5647,FALSE
"水痘","茨城県","2026-19","2026-05-10",0.3,0.23750000000000002,0.21666666666666667,1.1,2,0.15,1.3636,FALSE
"流行性耳下腺炎","茨城県","2026-19","2026-05-10",0,0.02,0.03916666666666667,0.51,6,0,NA,FALSE
"流行性角結膜炎","茨城県","2026-19","2026-05-10",1,0.8949999999999999,2.075833333333333,0.43,8,0.12,1.3158,FALSE
"無菌性髄膜炎","茨城県","2026-19","2026-05-10",0,0.0575,0.013333333333333334,4.31,NA,NA,NA,FALSE
"突発性発しん","茨城県","2026-19","2026-05-10",0.08,0.2625,0.21333333333333335,1.23,NA,NA,0.3333,FALSE
"細菌性髄膜炎","茨城県","2026-19","2026-05-10",0,0,0.013333333333333334,0,NA,NA,NA,FALSE
"A群溶血性レンサ球菌咽頭炎","長崎県","2026-19","2026-05-10",1.9,3.75,2.66,1.41,8,0.24,0.4715,FALSE
"RSウイルス","長崎県","2026-19","2026-05-10",0.58,1.1925,0.9408333333333333,1.27,NA,NA,0.4394,FALSE
"インフルエンザ","長崎県","2026-19","2026-05-10",0.06,0.315,0.8791666666666667,0.36,30,0,0.375,FALSE
"クラミジア肺炎","長崎県","2026-19","2026-05-10",0,0.02,0,NA,NA,NA,NA,FALSE
"ヘルパンギーナ","長崎県","2026-19","2026-05-10",0,0.0575,0.9008333333333333,0.06,6,0,0,FALSE
"マイコプラズマ肺炎","長崎県","2026-19","2026-05-10",0,0.02,0.13833333333333334,0.14,NA,NA,NA,FALSE
"伝染性紅斑","長崎県","2026-19","2026-05-10",0.06,0.17,0.08666666666666667,1.96,2,0.03,0.2609,FALSE
"咽頭結膜熱","長崎県","2026-19","2026-05-10",0.42,0.7424999999999999,0.6133333333333333,1.21,3,0.14,0.4667,FALSE
"急性出血性結膜炎","長崎県","2026-19","2026-05-10",0,0.0325,0.11583333333333333,0.28,1,0,0,FALSE
"感染性胃腸炎","長崎県","2026-19","2026-05-10",1.52,3.0925,4.089166666666666,0.76,20,0.08,0.4164,FALSE
"感染性胃腸炎（ロタウイルス）","長崎県","2026-19","2026-05-10",0,0.02,0.15333333333333332,0.13,NA,NA,0,FALSE
"手足口病","長崎県","2026-19","2026-05-10",0.29,0.29500000000000004,0.3458333333333333,0.85,5,0.06,0.6042,FALSE
"新型コロナウイルス","長崎県","2026-19","2026-05-10",0.12,0.16,1.665,0.1,NA,NA,0.75,FALSE
"水痘","長崎県","2026-19","2026-05-10",0.16,0.365,0.20333333333333334,1.8,2,0.08,0.1975,FALSE
"流行性耳下腺炎","長崎県","2026-19","2026-05-10",0.03,0.04,0.03833333333333334,1.04,6,0,0.3,FALSE
"流行性角結膜炎","長崎県","2026-19","2026-05-10",1.13,1.1925,1.055,1.13,8,0.14,1.7937,FALSE
"無菌性髄膜炎","長崎県","2026-19","2026-05-10",0,0,0.013333333333333334,0,NA,NA,NA,FALSE
"突発性発しん","長崎県","2026-19","2026-05-10",0.06,0.29000000000000004,0.32,0.91,NA,NA,0.2069,FALSE
"細菌性髄膜炎","長崎県","2026-19","2026-05-10",0,0,0.0275,0,NA,NA,NA,FALSE
"A群溶血性レンサ球菌咽頭炎","長野県","2026-19","2026-05-10",1.93,3.205,1.8441666666666667,1.74,8,0.24,0.4159,FALSE
"RSウイルス","長野県","2026-19","2026-05-10",0.36,0.295,0.42833333333333334,0.69,NA,NA,5.1429,FALSE
"インフルエンザ","長野県","2026-19","2026-05-10",0.32,1.125,1.7333333333333334,0.65,30,0.01,0.3019,FALSE
"クラミジア肺炎","長野県","2026-19","2026-05-10",0,0,0,NA,NA,NA,NA,FALSE
"ヘルパンギーナ","長野県","2026-19","2026-05-10",0.04,0.01,0.021666666666666667,0.46,6,0.01,NA,FALSE
"マイコプラズマ肺炎","長野県","2026-19","2026-05-10",0.08,0.125,0.09083333333333334,1.38,NA,NA,0.4706,FALSE
"伝染性紅斑","長野県","2026-19","2026-05-10",0.07,0.0625,0.5908333333333333,0.11,2,0.04,1.75,FALSE
"咽頭結膜熱","長野県","2026-19","2026-05-10",0.29,0.27749999999999997,0.3016666666666667,0.92,3,0.1,0.9062,FALSE
"急性出血性結膜炎","長野県","2026-19","2026-05-10",0,0,0.03333333333333333,0,1,0,NA,FALSE
"感染性胃腸炎","長野県","2026-19","2026-05-10",4.89,6.6875,5.329166666666667,1.25,20,0.24,0.5726,FALSE
"感染性胃腸炎（ロタウイルス）","長野県","2026-19","2026-05-10",0.25,0.1875,0.014166666666666668,13.24,NA,NA,1.4706,FALSE
"手足口病","長野県","2026-19","2026-05-10",0.04,0.08249999999999999,0.03916666666666667,2.11,5,0.01,NA,FALSE
"新型コロナウイルス","長野県","2026-19","2026-05-10",0.38,1.1749999999999998,3.00625,0.39,NA,NA,0.38,FALSE
"水痘","長野県","2026-19","2026-05-10",0.32,0.3025,0.1375,2.2,2,0.16,1.28,FALSE
"流行性耳下腺炎","長野県","2026-19","2026-05-10",0.04,0.03,0.03166666666666667,0.95,6,0.01,1,FALSE
"流行性角結膜炎","長野県","2026-19","2026-05-10",0.5,0.47500000000000003,1.565,0.3,8,0.06,0.8333,FALSE
"無菌性髄膜炎","長野県","2026-19","2026-05-10",0,0.10250000000000001,0.028333333333333335,3.62,NA,NA,0,FALSE
"突発性発しん","長野県","2026-19","2026-05-10",0.32,0.285,0.23500000000000001,1.21,NA,NA,0.8889,FALSE
"細菌性髄膜炎","長野県","2026-19","2026-05-10",0,0.02,0.013333333333333334,1.5,NA,NA,0,FALSE
"A群溶血性レンサ球菌咽頭炎","青森県","2026-19","2026-05-10",1,2.45,1.3258333333333334,1.85,8,0.12,0.3268,FALSE
"RSウイルス","青森県","2026-19","2026-05-10",0.35,0.4625,0.45272727272727276,1.02,NA,NA,0.8537,FALSE
"インフルエンザ","青森県","2026-19","2026-05-10",0.22,0.81,2.2358333333333333,0.36,30,0.01,0.3188,FALSE
"クラミジア肺炎","青森県","2026-19","2026-05-10",0,0,0,NA,NA,NA,NA,FALSE
"ヘルパンギーナ","青森県","2026-19","2026-05-10",0,0,0.011666666666666667,0,6,0,NA,FALSE
"マイコプラズマ肺炎","青森県","2026-19","2026-05-10",0.17,0.5025,0.4166666666666667,1.21,NA,NA,0.2537,FALSE
"伝染性紅斑","青森県","2026-19","2026-05-10",0,0.0075,0.42083333333333334,0.02,2,0,NA,FALSE
"咽頭結膜熱","青森県","2026-19","2026-05-10",0.15,0.27999999999999997,0.46166666666666667,0.61,3,0.05,0.4688,FALSE
"急性出血性結膜炎","青森県","2026-19","2026-05-10",0,0,0,NA,1,0,NA,FALSE
"感染性胃腸炎","青森県","2026-19","2026-05-10",2.09,2.7725,3.005,0.92,20,0.1,0.6511,FALSE
"感染性胃腸炎（ロタウイルス）","青森県","2026-19","2026-05-10",0,0.085,0,NA,NA,NA,0,FALSE
"手足口病","青森県","2026-19","2026-05-10",0,0.0525,0.08833333333333333,0.59,5,0,NA,FALSE
"新型コロナウイルス","青森県","2026-19","2026-05-10",0.27,0.9575,3.47125,0.28,NA,NA,0.2872,FALSE
"水痘","青森県","2026-19","2026-05-10",0.29,0.20500000000000002,0.43166666666666664,0.47,2,0.14,1.9333,FALSE
"流行性耳下腺炎","青森県","2026-19","2026-05-10",0,0.0225,0.0325,0.69,6,0,0,FALSE
"流行性角結膜炎","青森県","2026-19","2026-05-10",0,0.1,0.075,1.33,8,0,NA,FALSE
"無菌性髄膜炎","青森県","2026-19","2026-05-10",0,0,0.014166666666666668,0,NA,NA,NA,FALSE
"突発性発しん","青森県","2026-19","2026-05-10",0.26,0.27749999999999997,0.2575,1.08,NA,NA,0.6341,FALSE
"細菌性髄膜炎","青森県","2026-19","2026-05-10",0.17,0.0425,0.028333333333333335,1.5,NA,NA,NA,FALSE
"A群溶血性レンサ球菌咽頭炎","静岡県","2026-19","2026-05-10",1.11,1.9075000000000002,1.6908333333333332,1.13,8,0.14,0.5781,FALSE
"RSウイルス","静岡県","2026-19","2026-05-10",0.33,0.4375,0.8341666666666666,0.52,NA,NA,1.0312,FALSE
"インフルエンザ","静岡県","2026-19","2026-05-10",0.1,0.2175,1.0641666666666667,0.2,30,0,0.8333,FALSE
"クラミジア肺炎","静岡県","2026-19","2026-05-10",0,0,0,NA,NA,NA,NA,FALSE
"ヘルパンギーナ","静岡県","2026-19","2026-05-10",0.05,0.0425,0.045,0.94,6,0.01,1,FALSE
"マイコプラズマ肺炎","静岡県","2026-19","2026-05-10",0.1,0.1,0.15833333333333333,0.63,NA,NA,0.3333,FALSE
"伝染性紅斑","静岡県","2026-19","2026-05-10",0.08,0.045,0.66,0.07,2,0.04,NA,FALSE
"咽頭結膜熱","静岡県","2026-19","2026-05-10",0.08,0.1875,0.3925,0.48,3,0.03,0.3333,FALSE
"急性出血性結膜炎","静岡県","2026-19","2026-05-10",0,0.0125,0.008333333333333333,1.5,1,0,NA,FALSE
"感染性胃腸炎","静岡県","2026-19","2026-05-10",2.05,2.8825000000000003,4.005,0.72,20,0.1,0.8913,FALSE
"感染性胃腸炎（ロタウイルス）","静岡県","2026-19","2026-05-10",0,0,0,NA,NA,NA,NA,FALSE
"手足口病","静岡県","2026-19","2026-05-10",0.41,0.405,0.10083333333333333,4.02,5,0.08,0.6949,FALSE
"新型コロナウイルス","静岡県","2026-19","2026-05-10",0.36,0.54,1.88125,0.29,NA,NA,0.6207,FALSE
"水痘","静岡県","2026-19","2026-05-10",0.08,0.185,0.11083333333333334,1.67,2,0.04,0.4444,FALSE
"流行性耳下腺炎","静岡県","2026-19","2026-05-10",0.02,0.04,0.050833333333333335,0.79,6,0,0.4,FALSE
"流行性角結膜炎","静岡県","2026-19","2026-05-10",0.09,0.1375,0.25,0.55,8,0.01,0.5,FALSE
"無菌性髄膜炎","静岡県","2026-19","2026-05-10",0.1,0.1,0.041666666666666664,2.4,NA,NA,NA,FALSE
"突発性発しん","静岡県","2026-19","2026-05-10",0.27,0.28,0.29583333333333334,0.95,NA,NA,1.125,FALSE
"細菌性髄膜炎","静岡県","2026-19","2026-05-10",0,0.05,0.025,2,NA,NA,0,FALSE
"A群溶血性レンサ球菌咽頭炎","香川県","2026-19","2026-05-10",1.08,1.06,1.575,0.67,8,0.14,1.08,FALSE
"RSウイルス","香川県","2026-19","2026-05-10",0.23,0.28750000000000003,0.7458333333333333,0.39,NA,NA,1,FALSE
"インフルエンザ","香川県","2026-19","2026-05-10",0,0.25249999999999995,1.0858333333333334,0.23,30,0,0,FALSE
"クラミジア肺炎","香川県","2026-19","2026-05-10",0,0,0,NA,NA,NA,NA,FALSE
"ヘルパンギーナ","香川県","2026-19","2026-05-10",0.23,0.345,0.25333333333333335,1.36,6,0.04,1,FALSE
"マイコプラズマ肺炎","香川県","2026-19","2026-05-10",0.2,0.1,0.18333333333333332,0.55,NA,NA,NA,FALSE
"伝染性紅斑","香川県","2026-19","2026-05-10",0.15,0.16999999999999998,0.08333333333333333,2.04,2,0.07,1,FALSE
"咽頭結膜熱","香川県","2026-19","2026-05-10",0.15,0.1325,0.3025,0.44,3,0.05,NA,FALSE
"急性出血性結膜炎","香川県","2026-19","2026-05-10",0,0,0,NA,1,0,NA,FALSE
"感染性胃腸炎","香川県","2026-19","2026-05-10",3.85,4.81,7.05,0.68,20,0.19,0.725,FALSE
"感染性胃腸炎（ロタウイルス）","香川県","2026-19","2026-05-10",0,0.1,0.2,0.5,NA,NA,0,FALSE
"手足口病","香川県","2026-19","2026-05-10",0,0.1725,0.17500000000000002,0.99,5,0,0,FALSE
"新型コロナウイルス","香川県","2026-19","2026-05-10",0.17,0.315,1.605,0.2,NA,NA,0.3542,FALSE
"水痘","香川県","2026-19","2026-05-10",0.08,0.057499999999999996,0.08,0.72,2,0.04,0.5333,FALSE
"流行性耳下腺炎","香川県","2026-19","2026-05-10",0,0.02,0.05,0.4,6,0,NA,FALSE
"流行性角結膜炎","香川県","2026-19","2026-05-10",0.4,0.25,0.13333333333333333,1.88,8,0.05,NA,FALSE
"無菌性髄膜炎","香川県","2026-19","2026-05-10",0,0,0.016666666666666666,0,NA,NA,NA,FALSE
"突発性発しん","香川県","2026-19","2026-05-10",0.15,0.1725,0.495,0.35,NA,NA,1,FALSE
"細菌性髄膜炎","香川県","2026-19","2026-05-10",0,0,0.03333333333333333,0,NA,NA,NA,FALSE
"A群溶血性レンサ球菌咽頭炎","高知県","2026-19","2026-05-10",0.8,1.6375,1.465,1.12,8,0.1,0.4211,FALSE
"RSウイルス","高知県","2026-19","2026-05-10",0.45,0.675,0.8675,0.78,NA,NA,0.6923,FALSE
"インフルエンザ","高知県","2026-19","2026-05-10",0.13,0.0925,1.1033333333333333,0.08,30,0,2.6,FALSE
"クラミジア肺炎","高知県","2026-19","2026-05-10",0,0,0,NA,NA,NA,NA,FALSE
"ヘルパンギーナ","高知県","2026-19","2026-05-10",0.05,0.025,0.6316666666666666,0.04,6,0.01,1,FALSE
"マイコプラズマ肺炎","高知県","2026-19","2026-05-10",0.5,0.2825,0.20083333333333334,1.41,NA,NA,NA,FALSE
"伝染性紅斑","高知県","2026-19","2026-05-10",0.05,0.2125,0.19583333333333333,1.09,2,0.03,0.25,FALSE
"咽頭結膜熱","高知県","2026-19","2026-05-10",0.1,0.1625,0.29583333333333334,0.55,3,0.03,0.5,FALSE
"急性出血性結膜炎","高知県","2026-19","2026-05-10",0,0,0,NA,1,0,NA,FALSE
"感染性胃腸炎","高知県","2026-19","2026-05-10",1.8,2.2,2.625,0.84,20,0.09,0.8,FALSE
"感染性胃腸炎（ロタウイルス）","高知県","2026-19","2026-05-10",0,0,0.06333333333333334,0,NA,NA,NA,FALSE
"手足口病","高知県","2026-19","2026-05-10",0,0.0125,0.45666666666666667,0.03,5,0,0,FALSE
"新型コロナウイルス","高知県","2026-19","2026-05-10",0.13,0.1925,1.745,0.11,NA,NA,0.5417,FALSE
"水痘","高知県","2026-19","2026-05-10",0.05,0.0875,0.14916666666666667,0.59,2,0.03,1,FALSE
"流行性耳下腺炎","高知県","2026-19","2026-05-10",0,0,0.01916666666666667,0,6,0,NA,FALSE
"流行性角結膜炎","高知県","2026-19","2026-05-10",0,0,0.2225,0,8,0,NA,FALSE
"無菌性髄膜炎","高知県","2026-19","2026-05-10",0,0,0.010833333333333334,0,NA,NA,NA,FALSE
"突発性発しん","高知県","2026-19","2026-05-10",0.2,0.3875,0.235,1.65,NA,NA,0.3636,FALSE
"細菌性髄膜炎","高知県","2026-19","2026-05-10",0,0,0.010833333333333334,0,NA,NA,NA,FALSE
"A群溶血性レンサ球菌咽頭炎","鳥取県","2026-19","2026-05-10",3.11,6.107500000000001,4.1275,1.48,8,0.39,0.4475,FALSE
"RSウイルス","鳥取県","2026-19","2026-05-10",0.05,0.485,0.5358333333333334,0.91,NA,NA,0.1064,FALSE
"インフルエンザ","鳥取県","2026-19","2026-05-10",0.21,0.69,1.3783333333333334,0.5,30,0.01,0.4375,FALSE
"クラミジア肺炎","鳥取県","2026-19","2026-05-10",0,0.05,0.016666666666666666,3,NA,NA,NA,FALSE
"ヘルパンギーナ","鳥取県","2026-19","2026-05-10",0,0,0.04416666666666667,0,6,0,NA,FALSE
"マイコプラズマ肺炎","鳥取県","2026-19","2026-05-10",0.2,0.15000000000000002,0.11666666666666667,1.29,NA,NA,NA,FALSE
"伝染性紅斑","鳥取県","2026-19","2026-05-10",0.05,0.04,0.32,0.12,2,0.03,NA,FALSE
"咽頭結膜熱","鳥取県","2026-19","2026-05-10",0.47,0.275,0.6175,0.45,3,0.16,2.2381,FALSE
"急性出血性結膜炎","鳥取県","2026-19","2026-05-10",0,0,0,NA,1,0,NA,FALSE
"感染性胃腸炎","鳥取県","2026-19","2026-05-10",4.32,8.04,7.254166666666666,1.11,20,0.22,0.4859,FALSE
"感染性胃腸炎（ロタウイルス）","鳥取県","2026-19","2026-05-10",0,0,0.13333333333333333,0,NA,NA,NA,FALSE
"手足口病","鳥取県","2026-19","2026-05-10",0,0,0.0875,0,5,0,NA,FALSE
"新型コロナウイルス","鳥取県","2026-19","2026-05-10",0.38,0.81,2.3625,0.34,NA,NA,0.3333,FALSE
"水痘","鳥取県","2026-19","2026-05-10",0.26,0.29000000000000004,0.20666666666666667,1.4,2,0.13,1.625,FALSE
"流行性耳下腺炎","鳥取県","2026-19","2026-05-10",0,0,0.021666666666666667,0,6,0,NA,FALSE
"流行性角結膜炎","鳥取県","2026-19","2026-05-10",0.2,0.05,0.26666666666666666,0.19,8,0.03,NA,FALSE
"無菌性髄膜炎","鳥取県","2026-19","2026-05-10",0,0.1,0.05,2,NA,NA,NA,FALSE
"突発性発しん","鳥取県","2026-19","2026-05-10",0.11,0.1225,0.22416666666666665,0.55,NA,NA,1,FALSE
"細菌性髄膜炎","鳥取県","2026-19","2026-05-10",0,0.1,0.016666666666666666,6,NA,NA,NA,FALSE
"A群溶血性レンサ球菌咽頭炎","鹿児島県","2026-19","2026-05-10",2.26,2.87,2.1675,1.32,8,0.28,0.6807,FALSE
"RSウイルス","鹿児島県","2026-19","2026-05-10",1.45,1.3475000000000001,1.9791666666666667,0.68,NA,NA,0.9006,FALSE
"インフルエンザ","鹿児島県","2026-19","2026-05-10",0.11,0.2525,1.2675,0.2,30,0,0.4783,FALSE
"クラミジア肺炎","鹿児島県","2026-19","2026-05-10",0.08,0.04,0,NA,NA,NA,1,FALSE
"ヘルパンギーナ","鹿児島県","2026-19","2026-05-10",0.52,0.3875,0.3383333333333333,1.15,6,0.09,0.6753,FALSE
"マイコプラズマ肺炎","鹿児島県","2026-19","2026-05-10",0.17,0.17,0.16,1.06,NA,NA,1,FALSE
"伝染性紅斑","鹿児島県","2026-19","2026-05-10",0.26,0.2175,0.12166666666666666,1.79,2,0.13,2,FALSE
"咽頭結膜熱","鹿児島県","2026-19","2026-05-10",0.81,0.8975000000000001,1.3475000000000001,0.67,3,0.27,0.81,FALSE
"急性出血性結膜炎","鹿児島県","2026-19","2026-05-10",0,0,0,NA,1,0,NA,FALSE
"感染性胃腸炎","鹿児島県","2026-19","2026-05-10",2.97,4.1275,7.283333333333333,0.57,20,0.15,0.6629,FALSE
"感染性胃腸炎（ロタウイルス）","鹿児島県","2026-19","2026-05-10",0,0,0.0275,0,NA,NA,NA,FALSE
"手足口病","鹿児島県","2026-19","2026-05-10",3.81,2.25,0.9825,2.29,5,0.76,1.1944,FALSE
"新型コロナウイルス","鹿児島県","2026-19","2026-05-10",0.51,0.33749999999999997,2.52875,0.13,NA,NA,1.1591,FALSE
"水痘","鹿児島県","2026-19","2026-05-10",0.32,0.315,0.20083333333333334,1.57,2,0.16,0.6154,FALSE
"流行性耳下腺炎","鹿児島県","2026-19","2026-05-10",0,0.0075,0.06583333333333333,0.11,6,0,NA,FALSE
"流行性角結膜炎","鹿児島県","2026-19","2026-05-10",0.29,0.5375,0.8691666666666666,0.62,8,0.04,0.29,FALSE
"無菌性髄膜炎","鹿児島県","2026-19","2026-05-10",0,0,0.013333333333333334,0,NA,NA,NA,FALSE
"突発性発しん","鹿児島県","2026-19","2026-05-10",0.35,0.42500000000000004,0.38666666666666666,1.1,NA,NA,0.7292,FALSE
"細菌性髄膜炎","鹿児島県","2026-19","2026-05-10",0,0,0.013333333333333334,0,NA,NA,NA,FALSE
