"category","pref","year_week","reference_date","current_value","current_ma4","baseline_ma4","ratio_heinen","alert_start","ratio_alert","ratio_wow","in_alert_level"
"A群溶血性レンサ球菌咽頭炎","三重県","2026-38","2026-09-20",1.21,1.195,1.4033333333333333,0.85,8,0.15,0.8067,FALSE
"RSウイルス","三重県","2026-38","2026-09-20",1.67,1.1375,1.1258333333333332,1.01,NA,NA,1.7041,FALSE
"インフルエンザ","三重県","2026-38","2026-09-20",6.53,2.9775,2.0833333333333335,1.43,30,0.22,2.2674,FALSE
"クラミジア肺炎","三重県","2026-38","2026-09-20",0,0,0,NA,NA,NA,NA,FALSE
"ヘルパンギーナ","三重県","2026-38","2026-09-20",2.29,1.8775,0.8483333333333333,2.21,6,0.38,1.0701,FALSE
"マイコプラズマ肺炎","三重県","2026-38","2026-09-20",0.67,0.4425,0.46416666666666667,0.95,NA,NA,3.0455,FALSE
"伝染性紅斑","三重県","2026-38","2026-09-20",0,0.025,0.7241666666666666,0.03,2,0,NA,FALSE
"咽頭結膜熱","三重県","2026-38","2026-09-20",0.19,0.16000000000000003,0.58,0.28,3,0.06,0.7308,FALSE
"急性出血性結膜炎","三重県","2026-38","2026-09-20",0,0,0.006666666666666667,0,1,0,NA,FALSE
"感染性胃腸炎","三重県","2026-38","2026-09-20",3.57,3.7725,3.7225,1.01,20,0.18,0.8881,FALSE
"感染性胃腸炎（ロタウイルス）","三重県","2026-38","2026-09-20",0,0,0.009166666666666667,0,NA,NA,NA,FALSE
"手足口病","三重県","2026-38","2026-09-20",1.38,2.42,1.6125,1.5,5,0.28,0.575,FALSE
"新型コロナウイルス","三重県","2026-38","2026-09-20",2.87,2.5925000000000002,9.964166666666667,0.26,NA,NA,0.9863,FALSE
"水痘","三重県","2026-38","2026-09-20",0.02,0.16,0.10916666666666666,1.47,2,0.01,0.1176,FALSE
"流行性耳下腺炎","三重県","2026-38","2026-09-20",0.05,0.0475,0.013333333333333334,3.56,6,0.01,0.3571,FALSE
"流行性角結膜炎","三重県","2026-38","2026-09-20",0.17,0.3325,0.29833333333333334,1.11,8,0.02,0.5152,FALSE
"無菌性髄膜炎","三重県","2026-38","2026-09-20",0,0.0275,0.04583333333333334,0.6,NA,NA,0,FALSE
"突発性発しん","三重県","2026-38","2026-09-20",0.21,0.22499999999999998,0.29833333333333334,0.75,NA,NA,0.8077,FALSE
"細菌性髄膜炎","三重県","2026-38","2026-09-20",0,0.0275,0.018333333333333333,1.5,NA,NA,0,FALSE
"A群溶血性レンサ球菌咽頭炎","京都府","2026-38","2026-09-20",1.03,1.365,2.1083333333333334,0.65,8,0.13,0.6913,FALSE
"RSウイルス","京都府","2026-38","2026-09-20",0.7,0.4575,0.4658333333333333,0.98,NA,NA,1.8421,FALSE
"インフルエンザ","京都府","2026-38","2026-09-20",5.64,3.9625,1.9683333333333333,2.01,30,0.19,1.2936,FALSE
"クラミジア肺炎","京都府","2026-38","2026-09-20",0,0.0725,0.023333333333333334,3.11,NA,NA,0,FALSE
"ヘルパンギーナ","京都府","2026-38","2026-09-20",0.86,0.6625000000000001,0.3308333333333333,2,6,0.14,0.9663,FALSE
"マイコプラズマ肺炎","京都府","2026-38","2026-09-20",1.43,1.0725,1.06,1.01,NA,NA,1.6628,FALSE
"伝染性紅斑","京都府","2026-38","2026-09-20",0,0,0.5175,0,2,0,NA,FALSE
"咽頭結膜熱","京都府","2026-38","2026-09-20",0.65,0.7575000000000001,1.07,0.71,3,0.22,0.8333,FALSE
"急性出血性結膜炎","京都府","2026-38","2026-09-20",0,0,0,NA,1,0,NA,FALSE
"感染性胃腸炎","京都府","2026-38","2026-09-20",3.51,3.4699999999999998,2.1241666666666665,1.63,20,0.18,1.0145,FALSE
"感染性胃腸炎（ロタウイルス）","京都府","2026-38","2026-09-20",0,0,0.023333333333333334,0,NA,NA,NA,FALSE
"手足口病","京都府","2026-38","2026-09-20",1.08,1.0074999999999998,2.5749999999999997,0.39,5,0.22,1.1134,FALSE
"新型コロナウイルス","京都府","2026-38","2026-09-20",2.86,2.3725,9.3025,0.26,NA,NA,1.0178,FALSE
"水痘","京都府","2026-38","2026-09-20",0.22,0.22249999999999998,0.20083333333333334,1.11,2,0.11,1.5714,FALSE
"流行性耳下腺炎","京都府","2026-38","2026-09-20",0,0.0225,0.05,0.45,6,0,0,FALSE
"流行性角結膜炎","京都府","2026-38","2026-09-20",0.19,0.135,0.25666666666666665,0.53,8,0.02,0.7917,FALSE
"無菌性髄膜炎","京都府","2026-38","2026-09-20",0,0.035,0.035,1,NA,NA,NA,FALSE
"突発性発しん","京都府","2026-38","2026-09-20",0.27,0.29250000000000004,0.17250000000000001,1.7,NA,NA,0.8438,FALSE
"細菌性髄膜炎","京都府","2026-38","2026-09-20",0,0,0.011666666666666667,0,NA,NA,NA,FALSE
"A群溶血性レンサ球菌咽頭炎","佐賀県","2026-38","2026-09-20",1.5,2.75,1.6725,1.64,8,0.19,0.5137,FALSE
"RSウイルス","佐賀県","2026-38","2026-09-20",1.83,1.5825,1.469090909090909,1.08,NA,NA,1.9891,FALSE
"インフルエンザ","佐賀県","2026-38","2026-09-20",4.21,1.805,2.5825,0.7,30,0.14,2.5828,FALSE
"クラミジア肺炎","佐賀県","2026-38","2026-09-20",0,0,0,NA,NA,NA,NA,FALSE
"ヘルパンギーナ","佐賀県","2026-38","2026-09-20",1.08,1.25,1.3941666666666666,0.9,6,0.18,0.9231,FALSE
"マイコプラズマ肺炎","佐賀県","2026-38","2026-09-20",0.83,0.3325,0.735,0.45,NA,NA,4.8824,FALSE
"伝染性紅斑","佐賀県","2026-38","2026-09-20",0,0,1.6325,0,2,0,NA,FALSE
"咽頭結膜熱","佐賀県","2026-38","2026-09-20",1,0.6225,0.7891666666666667,0.79,3,0.33,3.0303,FALSE
"急性出血性結膜炎","佐賀県","2026-38","2026-09-20",0,0,0,NA,1,0,NA,FALSE
"感染性胃腸炎","佐賀県","2026-38","2026-09-20",5.17,4.395,2.2975,1.91,20,0.26,1.2672,FALSE
"感染性胃腸炎（ロタウイルス）","佐賀県","2026-38","2026-09-20",0,0,0.014166666666666668,0,NA,NA,NA,FALSE
"手足口病","佐賀県","2026-38","2026-09-20",0.42,0.295,3.2041666666666666,0.09,5,0.08,2.4706,FALSE
"新型コロナウイルス","佐賀県","2026-38","2026-09-20",0.63,0.9675,10.428333333333333,0.09,NA,NA,0.4737,FALSE
"水痘","佐賀県","2026-38","2026-09-20",0,0.14500000000000002,0.13916666666666666,1.04,2,0,0,FALSE
"流行性耳下腺炎","佐賀県","2026-38","2026-09-20",0,0,0.030833333333333334,0,6,0,NA,FALSE
"流行性角結膜炎","佐賀県","2026-38","2026-09-20",0.75,0.8125,0.3125,2.6,8,0.09,1,FALSE
"無菌性髄膜炎","佐賀県","2026-38","2026-09-20",0,0.0425,0.0425,1,NA,NA,NA,FALSE
"突発性発しん","佐賀県","2026-38","2026-09-20",0.33,0.5,0.61,0.82,NA,NA,0.66,FALSE
"細菌性髄膜炎","佐賀県","2026-38","2026-09-20",0,0,0.014166666666666668,0,NA,NA,NA,FALSE
"A群溶血性レンサ球菌咽頭炎","全国","2026-38","2026-09-20",1.48,1.4000000000000001,1.6816666666666666,0.83,8,0.18,1.0137,FALSE
"RSウイルス","全国","2026-38","2026-09-20",1.24,1.04,0.8708333333333333,1.19,NA,NA,1.1071,FALSE
"インフルエンザ","全国","2026-38","2026-09-20",8.48,4.7675,2.118333333333333,2.25,30,0.28,1.5307,FALSE
"クラミジア肺炎","全国","2026-38","2026-09-20",0.01,0.0125,0.0025,5,NA,NA,0.5,FALSE
"ヘルパンギーナ","全国","2026-38","2026-09-20",1.3,1.0325,0.8408333333333333,1.23,6,0.22,1.3,FALSE
"マイコプラズマ肺炎","全国","2026-38","2026-09-20",0.55,0.45,0.8033333333333333,0.56,NA,NA,1.25,FALSE
"伝染性紅斑","全国","2026-38","2026-09-20",0.03,0.03,0.6325,0.05,2,0.01,1,FALSE
"咽頭結膜熱","全国","2026-38","2026-09-20",0.25,0.2375,0.6008333333333333,0.4,3,0.08,1.0417,FALSE
"急性出血性結膜炎","全国","2026-38","2026-09-20",0.01,0.01,0.013333333333333334,0.75,1,0.01,1,FALSE
"感染性胃腸炎","全国","2026-38","2026-09-20",3.7,3.7575,3.388333333333333,1.11,20,0.18,0.9737,FALSE
"感染性胃腸炎（ロタウイルス）","全国","2026-38","2026-09-20",0,0.0075,0.005833333333333334,1.29,NA,NA,0,FALSE
"手足口病","全国","2026-38","2026-09-20",1.36,1.635,3.0275,0.54,5,0.27,0.9379,FALSE
"新型コロナウイルス","全国","2026-38","2026-09-20",2.65,2.16,10.395833333333334,0.21,NA,NA,1.0861,FALSE
"水痘","全国","2026-38","2026-09-20",0.22,0.195,0.14166666666666666,1.38,2,0.11,1.375,FALSE
"流行性耳下腺炎","全国","2026-38","2026-09-20",0.04,0.042499999999999996,0.045,0.94,6,0.01,0.8,FALSE
"流行性角結膜炎","全国","2026-38","2026-09-20",0.63,0.6599999999999999,0.7375,0.89,8,0.08,0.9545,FALSE
"無菌性髄膜炎","全国","2026-38","2026-09-20",0.05,0.04750000000000001,0.043333333333333335,1.1,NA,NA,1,FALSE
"突発性発しん","全国","2026-38","2026-09-20",0.3,0.315,0.2875,1.1,NA,NA,0.9677,FALSE
"細菌性髄膜炎","全国","2026-38","2026-09-20",0.02,0.02,0.018333333333333333,1.09,NA,NA,2,FALSE
"A群溶血性レンサ球菌咽頭炎","兵庫県","2026-38","2026-09-20",1.11,1.1175000000000002,1.4766666666666666,0.76,8,0.14,0.9911,FALSE
"RSウイルス","兵庫県","2026-38","2026-09-20",1.04,0.845,0.7891666666666667,1.07,NA,NA,1.0097,FALSE
"インフルエンザ","兵庫県","2026-38","2026-09-20",4.3,2.52,1.7741666666666667,1.42,30,0.14,1.3437,FALSE
"クラミジア肺炎","兵庫県","2026-38","2026-09-20",0.07,0.052500000000000005,0.011666666666666667,4.5,NA,NA,NA,FALSE
"ヘルパンギーナ","兵庫県","2026-38","2026-09-20",1.05,0.9275,0.47583333333333333,1.95,6,0.18,1.0396,FALSE
"マイコプラズマ肺炎","兵庫県","2026-38","2026-09-20",0.36,0.25,0.9983333333333333,0.25,NA,NA,1,FALSE
"伝染性紅斑","兵庫県","2026-38","2026-09-20",0.05,0.0475,0.6525,0.07,2,0.03,5,FALSE
"咽頭結膜熱","兵庫県","2026-38","2026-09-20",0.28,0.28250000000000003,0.9483333333333334,0.3,3,0.09,1.12,FALSE
"急性出血性結膜炎","兵庫県","2026-38","2026-09-20",0.03,0.015,0.030833333333333334,0.49,1,0.03,NA,FALSE
"感染性胃腸炎","兵庫県","2026-38","2026-09-20",4.57,4.512499999999999,3.9633333333333334,1.14,20,0.23,1.0603,FALSE
"感染性胃腸炎（ロタウイルス）","兵庫県","2026-38","2026-09-20",0,0,0.005833333333333334,0,NA,NA,NA,FALSE
"手足口病","兵庫県","2026-38","2026-09-20",0.96,0.9800000000000001,2.5325,0.39,5,0.19,1.0323,FALSE
"新型コロナウイルス","兵庫県","2026-38","2026-09-20",2.36,1.8,8.2,0.22,NA,NA,1.1919,FALSE
"水痘","兵庫県","2026-38","2026-09-20",0.09,0.1425,0.1425,1,2,0.04,0.6429,FALSE
"流行性耳下腺炎","兵庫県","2026-38","2026-09-20",0.08,0.05,0.043333333333333335,1.15,6,0.01,1.1429,FALSE
"流行性角結膜炎","兵庫県","2026-38","2026-09-20",0.54,0.5075,0.6858333333333333,0.74,8,0.07,1.2558,FALSE
"無菌性髄膜炎","兵庫県","2026-38","2026-09-20",0.21,0.195,0.17166666666666666,1.14,NA,NA,0.4884,FALSE
"突発性発しん","兵庫県","2026-38","2026-09-20",0.24,0.2525,0.24666666666666667,1.02,NA,NA,0.9231,FALSE
"細菌性髄膜炎","兵庫県","2026-38","2026-09-20",0,0.035,0.04666666666666667,0.75,NA,NA,NA,FALSE
"A群溶血性レンサ球菌咽頭炎","北海道","2026-38","2026-09-20",2.34,2.1,2.0208333333333335,1.04,8,0.29,1.0541,FALSE
"RSウイルス","北海道","2026-38","2026-09-20",0.45,0.4,0.9016666666666667,0.44,NA,NA,0.75,FALSE
"インフルエンザ","北海道","2026-38","2026-09-20",4.18,2.6449999999999996,0.6591666666666667,4.01,30,0.14,1.4122,FALSE
"クラミジア肺炎","北海道","2026-38","2026-09-20",0.04,0.04,0,NA,NA,NA,1,FALSE
"ヘルパンギーナ","北海道","2026-38","2026-09-20",0.69,1.4324999999999999,1.4633333333333334,0.98,6,0.11,0.5702,FALSE
"マイコプラズマ肺炎","北海道","2026-38","2026-09-20",1,0.575,1.0616666666666668,0.54,NA,NA,3.3333,FALSE
"伝染性紅斑","北海道","2026-38","2026-09-20",0.02,0.015000000000000001,0.5275,0.03,2,0.01,1,FALSE
"咽頭結膜熱","北海道","2026-38","2026-09-20",0.21,0.1925,0.40166666666666667,0.48,3,0.07,1.05,FALSE
"急性出血性結膜炎","北海道","2026-38","2026-09-20",0,0,0.0025,0,1,0,NA,FALSE
"感染性胃腸炎","北海道","2026-38","2026-09-20",1.72,1.895,1.6083333333333334,1.18,20,0.09,0.9609,FALSE
"感染性胃腸炎（ロタウイルス）","北海道","2026-38","2026-09-20",0,0.01,0,NA,NA,NA,0,FALSE
"手足口病","北海道","2026-38","2026-09-20",3.2,5.4375,3.6433333333333335,1.49,5,0.64,0.6544,TRUE
"新型コロナウイルス","北海道","2026-38","2026-09-20",1.7,1.2475,9.198333333333332,0.14,NA,NA,1.1258,FALSE
"水痘","北海道","2026-38","2026-09-20",0.2,0.17,0.0975,1.74,2,0.1,1.0526,FALSE
"流行性耳下腺炎","北海道","2026-38","2026-09-20",0.02,0.035,0.028333333333333335,1.24,6,0,0.5,FALSE
"流行性角結膜炎","北海道","2026-38","2026-09-20",0.21,0.175,0.17333333333333334,1.01,8,0.03,1,FALSE
"無菌性髄膜炎","北海道","2026-38","2026-09-20",0,0.0425,0.018333333333333333,2.32,NA,NA,0,FALSE
"突発性発しん","北海道","2026-38","2026-09-20",0.17,0.165,0.17250000000000001,0.96,NA,NA,0.9444,FALSE
"細菌性髄膜炎","北海道","2026-38","2026-09-20",0,0,0.0033333333333333335,0,NA,NA,NA,FALSE
"A群溶血性レンサ球菌咽頭炎","千葉県","2026-38","2026-09-20",1.76,1.5425,2.006666666666667,0.77,8,0.22,1.2847,FALSE
"RSウイルス","千葉県","2026-38","2026-09-20",0.87,0.7,0.4575,1.53,NA,NA,1.2083,FALSE
"インフルエンザ","千葉県","2026-38","2026-09-20",14.36,7.7475000000000005,3.9575,1.96,30,0.48,1.664,FALSE
"クラミジア肺炎","千葉県","2026-38","2026-09-20",0,0.0825,0.009166666666666667,9,NA,NA,0,FALSE
"ヘルパンギーナ","千葉県","2026-38","2026-09-20",0.77,0.4925,0.7316666666666667,0.67,6,0.13,2.2647,FALSE
"マイコプラズマ肺炎","千葉県","2026-38","2026-09-20",0.33,0.2475,0.4533333333333333,0.55,NA,NA,1.5,FALSE
"伝染性紅斑","千葉県","2026-38","2026-09-20",0.1,0.0475,0.3775,0.13,2,0.05,5,FALSE
"咽頭結膜熱","千葉県","2026-38","2026-09-20",0.09,0.1075,0.4825,0.22,3,0.03,0.6923,FALSE
"急性出血性結膜炎","千葉県","2026-38","2026-09-20",0,0,0.01,0,1,0,NA,FALSE
"感染性胃腸炎","千葉県","2026-38","2026-09-20",2.98,3.075,3.545,0.87,20,0.15,0.946,FALSE
"感染性胃腸炎（ロタウイルス）","千葉県","2026-38","2026-09-20",0,0,0,NA,NA,NA,NA,FALSE
"手足口病","千葉県","2026-38","2026-09-20",1.65,1.5875,2.8166666666666664,0.56,5,0.33,1.0577,FALSE
"新型コロナウイルス","千葉県","2026-38","2026-09-20",2.83,2.0425000000000004,13.022499999999999,0.16,NA,NA,1.4293,FALSE
"水痘","千葉県","2026-38","2026-09-20",0.17,0.14500000000000002,0.155,0.94,2,0.09,1.4167,FALSE
"流行性耳下腺炎","千葉県","2026-38","2026-09-20",0.06,0.0525,0.06416666666666666,0.82,6,0.01,1,FALSE
"流行性角結膜炎","千葉県","2026-38","2026-09-20",0.13,0.2975,0.845,0.35,8,0.02,0.619,FALSE
"無菌性髄膜炎","千葉県","2026-38","2026-09-20",0,0.055,0.0825,0.67,NA,NA,0,FALSE
"突発性発しん","千葉県","2026-38","2026-09-20",0.21,0.195,0.23583333333333334,0.83,NA,NA,1.1053,FALSE
"細菌性髄膜炎","千葉県","2026-38","2026-09-20",0.11,0.055,0.0275,2,NA,NA,1,FALSE
"A群溶血性レンサ球菌咽頭炎","和歌山県","2026-38","2026-09-20",1.44,1.1099999999999999,0.85,1.31,8,0.18,1.0827,FALSE
"RSウイルス","和歌山県","2026-38","2026-09-20",3.41,2.4625,0.9366666666666666,2.63,NA,NA,1.2135,FALSE
"インフルエンザ","和歌山県","2026-38","2026-09-20",2.87,1.875,1.3291666666666666,1.41,30,0.1,1.2059,FALSE
"クラミジア肺炎","和歌山県","2026-38","2026-09-20",0,0,0,NA,NA,NA,NA,FALSE
"ヘルパンギーナ","和歌山県","2026-38","2026-09-20",0.78,0.64,0.45916666666666667,1.39,6,0.13,1.625,FALSE
"マイコプラズマ肺炎","和歌山県","2026-38","2026-09-20",0,0.045,0.4991666666666667,0.09,NA,NA,NA,FALSE
"伝染性紅斑","和歌山県","2026-38","2026-09-20",0,0,1.0358333333333334,0,2,0,NA,FALSE
"咽頭結膜熱","和歌山県","2026-38","2026-09-20",0.26,0.14,0.5575,0.25,3,0.09,2.3636,FALSE
"急性出血性結膜炎","和歌山県","2026-38","2026-09-20",0,0.0625,0.041666666666666664,1.5,1,0,NA,FALSE
"感染性胃腸炎","和歌山県","2026-38","2026-09-20",1.89,1.9825,2.5533333333333332,0.78,20,0.09,0.8217,FALSE
"感染性胃腸炎（ロタウイルス）","和歌山県","2026-38","2026-09-20",0,0,0.0075,0,NA,NA,NA,FALSE
"手足口病","和歌山県","2026-38","2026-09-20",0.74,0.76,2.5108333333333333,0.3,5,0.15,1.5417,FALSE
"新型コロナウイルス","和歌山県","2026-38","2026-09-20",4.09,3.1649999999999996,8.595833333333333,0.37,NA,NA,1.3151,FALSE
"水痘","和歌山県","2026-38","2026-09-20",0.19,0.10499999999999998,0.17416666666666666,0.6,2,0.1,1.2667,FALSE
"流行性耳下腺炎","和歌山県","2026-38","2026-09-20",0,0.01,0.050833333333333335,0.2,6,0,NA,FALSE
"流行性角結膜炎","和歌山県","2026-38","2026-09-20",0.75,0.3125,0.5833333333333334,0.54,8,0.09,NA,FALSE
"無菌性髄膜炎","和歌山県","2026-38","2026-09-20",0,0.0675,0.03,2.25,NA,NA,0,FALSE
"突発性発しん","和歌山県","2026-38","2026-09-20",0.44,0.3975,0.2733333333333333,1.45,NA,NA,1.1892,FALSE
"細菌性髄膜炎","和歌山県","2026-38","2026-09-20",0,0.0225,0.015,1.5,NA,NA,NA,FALSE
"A群溶血性レンサ球菌咽頭炎","埼玉県","2026-38","2026-09-20",1.98,1.5499999999999998,2.3116666666666665,0.67,8,0.25,1.2222,FALSE
"RSウイルス","埼玉県","2026-38","2026-09-20",1.63,1.41,0.7791666666666667,1.81,NA,NA,1.1088,FALSE
"インフルエンザ","埼玉県","2026-38","2026-09-20",13.56,7.452500000000001,2.8983333333333334,2.57,30,0.45,1.4901,FALSE
"クラミジア肺炎","埼玉県","2026-38","2026-09-20",0,0,0.013333333333333334,0,NA,NA,NA,FALSE
"ヘルパンギーナ","埼玉県","2026-38","2026-09-20",1.31,0.8525,0.9591666666666667,0.89,6,0.22,1.9552,FALSE
"マイコプラズマ肺炎","埼玉県","2026-38","2026-09-20",1.33,1.145,1.2716666666666667,0.9,NA,NA,1.9851,FALSE
"伝染性紅斑","埼玉県","2026-38","2026-09-20",0.01,0.0325,0.3225,0.1,2,0,0.2,FALSE
"咽頭結膜熱","埼玉県","2026-38","2026-09-20",0.23,0.255,0.5658333333333333,0.45,3,0.08,0.7188,FALSE
"急性出血性結膜炎","埼玉県","2026-38","2026-09-20",0.05,0.04,0.028333333333333335,1.41,1,0.05,0.7143,FALSE
"感染性胃腸炎","埼玉県","2026-38","2026-09-20",4.21,4.26,4.129166666666666,1.03,20,0.21,0.9482,FALSE
"感染性胃腸炎（ロタウイルス）","埼玉県","2026-38","2026-09-20",0,0.02,0.006666666666666667,3,NA,NA,NA,FALSE
"手足口病","埼玉県","2026-38","2026-09-20",1.36,1.645,3.3466666666666667,0.49,5,0.27,0.9714,FALSE
"新型コロナウイルス","埼玉県","2026-38","2026-09-20",5.87,4.005,12.895,0.31,NA,NA,1.174,FALSE
"水痘","埼玉県","2026-38","2026-09-20",0.23,0.255,0.1925,1.32,2,0.12,1.2778,FALSE
"流行性耳下腺炎","埼玉県","2026-38","2026-09-20",0.04,0.057499999999999996,0.07583333333333334,0.76,6,0.01,0.5,FALSE
"流行性角結膜炎","埼玉県","2026-38","2026-09-20",0.52,0.435,0.84,0.52,8,0.06,1.2381,FALSE
"無菌性髄膜炎","埼玉県","2026-38","2026-09-20",0,0.04,0.09833333333333333,0.41,NA,NA,0,FALSE
"突発性発しん","埼玉県","2026-38","2026-09-20",0.28,0.36250000000000004,0.3383333333333333,1.07,NA,NA,0.8485,FALSE
"細菌性髄膜炎","埼玉県","2026-38","2026-09-20",0,0.0425,0.0075,5.67,NA,NA,NA,FALSE
"A群溶血性レンサ球菌咽頭炎","大分県","2026-38","2026-09-20",1.39,1.5624999999999998,2.0533333333333332,0.76,8,0.17,0.9085,FALSE
"RSウイルス","大分県","2026-38","2026-09-20",1.69,1.52,1.4525,1.05,NA,NA,1.1046,FALSE
"インフルエンザ","大分県","2026-38","2026-09-20",5.93,2.985,2.4675,1.21,30,0.2,1.5688,FALSE
"クラミジア肺炎","大分県","2026-38","2026-09-20",0,0,0,NA,NA,NA,NA,FALSE
"ヘルパンギーナ","大分県","2026-38","2026-09-20",0.69,0.6599999999999999,0.7216666666666667,0.91,6,0.11,0.92,FALSE
"マイコプラズマ肺炎","大分県","2026-38","2026-09-20",0.1,0.1375,0.5066666666666667,0.27,NA,NA,1.1111,FALSE
"伝染性紅斑","大分県","2026-38","2026-09-20",0,0.015,1.5658333333333334,0.01,2,0,0,FALSE
"咽頭結膜熱","大分県","2026-38","2026-09-20",0.36,0.4225,0.995,0.42,3,0.12,0.5902,FALSE
"急性出血性結膜炎","大分県","2026-38","2026-09-20",0,0,0,NA,1,0,NA,FALSE
"感染性胃腸炎","大分県","2026-38","2026-09-20",7.72,6.977500000000001,7.9025,0.88,20,0.39,1.0532,FALSE
"感染性胃腸炎（ロタウイルス）","大分県","2026-38","2026-09-20",0,0,0,NA,NA,NA,NA,FALSE
"手足口病","大分県","2026-38","2026-09-20",1,0.7725000000000001,1.8,0.43,5,0.2,1.2821,FALSE
"新型コロナウイルス","大分県","2026-38","2026-09-20",0.66,0.825,11.303333333333333,0.07,NA,NA,1.0645,FALSE
"水痘","大分県","2026-38","2026-09-20",1.17,0.7949999999999999,0.20416666666666666,3.89,2,0.58,4.1786,FALSE
"流行性耳下腺炎","大分県","2026-38","2026-09-20",0.08,0.11,0.06583333333333334,1.67,6,0.01,2.6667,FALSE
"流行性角結膜炎","大分県","2026-38","2026-09-20",1.8,1.1500000000000001,0.7166666666666667,1.6,8,0.22,1.2857,FALSE
"無菌性髄膜炎","大分県","2026-38","2026-09-20",0.1,0.025,0.0075,3.33,NA,NA,NA,FALSE
"突発性発しん","大分県","2026-38","2026-09-20",0.56,0.55,0.5375,1.02,NA,NA,0.875,FALSE
"細菌性髄膜炎","大分県","2026-38","2026-09-20",0,0,0,NA,NA,NA,NA,FALSE
"A群溶血性レンサ球菌咽頭炎","大阪府","2026-38","2026-09-20",1,1.02,1.7608333333333333,0.58,8,0.12,0.9434,FALSE
"RSウイルス","大阪府","2026-38","2026-09-20",1.46,1.3199999999999998,0.9366666666666666,1.41,NA,NA,1,FALSE
"インフルエンザ","大阪府","2026-38","2026-09-20",4.05,2.205,1.65,1.34,30,0.13,1.5458,FALSE
"クラミジア肺炎","大阪府","2026-38","2026-09-20",0,0,0.021666666666666667,0,NA,NA,NA,FALSE
"ヘルパンギーナ","大阪府","2026-38","2026-09-20",0.85,0.7825,0.43916666666666665,1.78,6,0.14,1.3492,FALSE
"マイコプラズマ肺炎","大阪府","2026-38","2026-09-20",0.06,0.14,0.9308333333333334,0.15,NA,NA,0.2143,FALSE
"伝染性紅斑","大阪府","2026-38","2026-09-20",0.02,0.0175,0.6066666666666667,0.03,2,0.01,2,FALSE
"咽頭結膜熱","大阪府","2026-38","2026-09-20",0.31,0.2575,1.4475,0.18,3,0.1,1.55,FALSE
"急性出血性結膜炎","大阪府","2026-38","2026-09-20",0,0,0.0175,0,1,0,NA,FALSE
"感染性胃腸炎","大阪府","2026-38","2026-09-20",3.83,3.7525,3.0808333333333335,1.22,20,0.19,0.9871,FALSE
"感染性胃腸炎（ロタウイルス）","大阪府","2026-38","2026-09-20",0.06,0.015,0,NA,NA,NA,NA,FALSE
"手足口病","大阪府","2026-38","2026-09-20",0.71,0.7824999999999999,1.6775,0.47,5,0.14,0.8659,FALSE
"新型コロナウイルス","大阪府","2026-38","2026-09-20",1.72,1.58,7.3533333333333335,0.21,NA,NA,0.9718,FALSE
"水痘","大阪府","2026-38","2026-09-20",0.16,0.1625,0.14250000000000002,1.14,2,0.08,1.2308,FALSE
"流行性耳下腺炎","大阪府","2026-38","2026-09-20",0.06,0.065,0.05416666666666667,1.2,6,0.01,0.75,FALSE
"流行性角結膜炎","大阪府","2026-38","2026-09-20",0.46,0.385,0.65,0.59,8,0.06,1.15,FALSE
"無菌性髄膜炎","大阪府","2026-38","2026-09-20",0.17,0.085,0.029166666666666667,2.91,NA,NA,2.8333,FALSE
"突発性発しん","大阪府","2026-38","2026-09-20",0.28,0.2375,0.23416666666666666,1.01,NA,NA,1.037,FALSE
"細菌性髄膜炎","大阪府","2026-38","2026-09-20",0,0,0.01,0,NA,NA,NA,FALSE
"A群溶血性レンサ球菌咽頭炎","奈良県","2026-38","2026-09-20",1.96,2.3125,1.7058333333333333,1.36,8,0.24,0.6447,FALSE
"RSウイルス","奈良県","2026-38","2026-09-20",1.09,1.13,0.8716666666666667,1.3,NA,NA,0.7899,FALSE
"インフルエンザ","奈良県","2026-38","2026-09-20",3.17,2.2699999999999996,1.2291666666666667,1.85,30,0.11,1.1873,FALSE
"クラミジア肺炎","奈良県","2026-38","2026-09-20",0,0.0425,0,NA,NA,NA,0,FALSE
"ヘルパンギーナ","奈良県","2026-38","2026-09-20",1.74,1.23,0.3383333333333333,3.64,6,0.29,1.5398,FALSE
"マイコプラズマ肺炎","奈良県","2026-38","2026-09-20",0.17,0.25,0.75,0.33,NA,NA,0.5152,FALSE
"伝染性紅斑","奈良県","2026-38","2026-09-20",0,0.01,0.9125,0.01,2,0,NA,FALSE
"咽頭結膜熱","奈良県","2026-38","2026-09-20",0.17,0.45999999999999996,0.9133333333333333,0.5,3,0.06,0.2537,FALSE
"急性出血性結膜炎","奈良県","2026-38","2026-09-20",0,0,0.008333333333333333,0,1,0,NA,FALSE
"感染性胃腸炎","奈良県","2026-38","2026-09-20",2.52,4.025,3.881666666666667,1.04,20,0.13,0.5217,FALSE
"感染性胃腸炎（ロタウイルス）","奈良県","2026-38","2026-09-20",0,0,0,NA,NA,NA,NA,FALSE
"手足口病","奈良県","2026-38","2026-09-20",3.3,2.6900000000000004,2.283333333333333,1.18,5,0.66,1.3636,TRUE
"新型コロナウイルス","奈良県","2026-38","2026-09-20",1.9,1.5925,9.893333333333333,0.16,NA,NA,1.5966,FALSE
"水痘","奈良県","2026-38","2026-09-20",0.26,0.1375,0.18166666666666667,0.76,2,0.13,2,FALSE
"流行性耳下腺炎","奈良県","2026-38","2026-09-20",0,0.065,0.019166666666666665,3.39,6,0,NA,FALSE
"流行性角結膜炎","奈良県","2026-38","2026-09-20",0.5,0.8250000000000001,0.7083333333333334,1.16,8,0.06,0.4545,FALSE
"無菌性髄膜炎","奈良県","2026-38","2026-09-20",0.33,0.165,0.11166666666666666,1.48,NA,NA,NA,FALSE
"突発性発しん","奈良県","2026-38","2026-09-20",0.61,0.53,0.31083333333333335,1.71,NA,NA,0.9104,FALSE
"細菌性髄膜炎","奈良県","2026-38","2026-09-20",0,0.0825,0.028333333333333335,2.91,NA,NA,NA,FALSE
"A群溶血性レンサ球菌咽頭炎","宮城県","2026-38","2026-09-20",1.68,1.6475,1.5891666666666666,1.04,8,0.21,1.1053,FALSE
"RSウイルス","宮城県","2026-38","2026-09-20",0.87,0.76,1.225,0.62,NA,NA,1.2794,FALSE
"インフルエンザ","宮城県","2026-38","2026-09-20",7.87,5.2525,2.3441666666666667,2.24,30,0.26,1.471,FALSE
"クラミジア肺炎","宮城県","2026-38","2026-09-20",0,0,0,NA,NA,NA,NA,FALSE
"ヘルパンギーナ","宮城県","2026-38","2026-09-20",0.9,1.275,1.4075,0.91,6,0.15,0.9,FALSE
"マイコプラズマ肺炎","宮城県","2026-38","2026-09-20",0.3,0.375,1.1666666666666665,0.32,NA,NA,1.5,FALSE
"伝染性紅斑","宮城県","2026-38","2026-09-20",0.06,0.0475,1.1516666666666666,0.04,2,0.03,2,FALSE
"咽頭結膜熱","宮城県","2026-38","2026-09-20",0.1,0.11249999999999999,0.3283333333333333,0.34,3,0.03,1.6667,FALSE
"急性出血性結膜炎","宮城県","2026-38","2026-09-20",0,0.04,0,NA,1,0,0,FALSE
"感染性胃腸炎","宮城県","2026-38","2026-09-20",1.87,1.8925,2.935833333333333,0.64,20,0.09,1.0565,FALSE
"感染性胃腸炎（ロタウイルス）","宮城県","2026-38","2026-09-20",0,0.025,0.008333333333333333,3,NA,NA,0,FALSE
"手足口病","宮城県","2026-38","2026-09-20",3.26,4.46,5.0175,0.89,5,0.65,0.9183,TRUE
"新型コロナウイルス","宮城県","2026-38","2026-09-20",1.84,1.8125,15.610833333333334,0.12,NA,NA,0.8288,FALSE
"水痘","宮城県","2026-38","2026-09-20",0.23,0.2575,0.17416666666666666,1.48,2,0.12,0.7188,FALSE
"流行性耳下腺炎","宮城県","2026-38","2026-09-20",0,0.0225,0.06333333333333334,0.36,6,0,NA,FALSE
"流行性角結膜炎","宮城県","2026-38","2026-09-20",0.75,0.585,0.3325,1.76,8,0.09,1.1194,FALSE
"無菌性髄膜炎","宮城県","2026-38","2026-09-20",0,0,0,NA,NA,NA,NA,FALSE
"突発性発しん","宮城県","2026-38","2026-09-20",0.16,0.225,0.2725,0.83,NA,NA,0.6154,FALSE
"細菌性髄膜炎","宮城県","2026-38","2026-09-20",0,0.025,0.008333333333333333,3,NA,NA,NA,FALSE
"A群溶血性レンサ球菌咽頭炎","宮崎県","2026-38","2026-09-20",0.87,1.6674999999999998,2.711666666666667,0.61,8,0.11,0.4508,FALSE
"RSウイルス","宮崎県","2026-38","2026-09-20",2.53,1.7149999999999999,1.2208333333333334,1.4,NA,NA,1.4056,FALSE
"インフルエンザ","宮崎県","2026-38","2026-09-20",0.71,1.2325,3.026666666666667,0.41,30,0.02,0.3679,FALSE
"クラミジア肺炎","宮崎県","2026-38","2026-09-20",0,0,0,NA,NA,NA,NA,FALSE
"ヘルパンギーナ","宮崎県","2026-38","2026-09-20",0.87,0.7,1.4666666666666668,0.48,6,0.14,1.1918,FALSE
"マイコプラズマ肺炎","宮崎県","2026-38","2026-09-20",0,0.1075,0.38,0.28,NA,NA,NA,FALSE
"伝染性紅斑","宮崎県","2026-38","2026-09-20",0.07,0.0175,1.0158333333333334,0.02,2,0.04,NA,FALSE
"咽頭結膜熱","宮崎県","2026-38","2026-09-20",0.67,0.4175,0.47583333333333333,0.88,3,0.22,2.0303,FALSE
"急性出血性結膜炎","宮崎県","2026-38","2026-09-20",0,0,0.04166666666666667,0,1,0,NA,FALSE
"感染性胃腸炎","宮崎県","2026-38","2026-09-20",5.2,6.032500000000001,5.493333333333333,1.1,20,0.26,0.9075,FALSE
"感染性胃腸炎（ロタウイルス）","宮崎県","2026-38","2026-09-20",0,0,0,NA,NA,NA,NA,FALSE
"手足口病","宮崎県","2026-38","2026-09-20",0.2,0.35000000000000003,2.7933333333333334,0.13,5,0.04,0.7407,FALSE
"新型コロナウイルス","宮崎県","2026-38","2026-09-20",1.07,1.1700000000000002,12.333333333333334,0.09,NA,NA,1.2022,FALSE
"水痘","宮崎県","2026-38","2026-09-20",0.07,0.1,0.20083333333333334,0.5,2,0.04,0.5385,FALSE
"流行性耳下腺炎","宮崎県","2026-38","2026-09-20",0,0.035,0.024166666666666666,1.45,6,0,0,FALSE
"流行性角結膜炎","宮崎県","2026-38","2026-09-20",3,2.085,1.6391666666666667,1.27,8,0.38,1.3825,FALSE
"無菌性髄膜炎","宮崎県","2026-38","2026-09-20",0,0.035,0.011666666666666667,3,NA,NA,0,FALSE
"突発性発しん","宮崎県","2026-38","2026-09-20",1.07,0.7825000000000001,0.5108333333333334,1.53,NA,NA,2.0189,FALSE
"細菌性髄膜炎","宮崎県","2026-38","2026-09-20",0,0,0,NA,NA,NA,NA,FALSE
"A群溶血性レンサ球菌咽頭炎","富山県","2026-38","2026-09-20",0.59,0.7775,2.415,0.32,8,0.07,0.686,FALSE
"RSウイルス","富山県","2026-38","2026-09-20",2.03,1.4725,1.19,1.24,NA,NA,1.4397,FALSE
"インフルエンザ","富山県","2026-38","2026-09-20",10.77,5.854999999999999,0.5483333333333333,10.68,30,0.36,1.4042,FALSE
"クラミジア肺炎","富山県","2026-38","2026-09-20",0,0,0,NA,NA,NA,NA,FALSE
"ヘルパンギーナ","富山県","2026-38","2026-09-20",2.41,1.38,1.3066666666666666,1.06,6,0.4,1.426,FALSE
"マイコプラズマ肺炎","富山県","2026-38","2026-09-20",0,0.15000000000000002,0.4666666666666667,0.32,NA,NA,0,FALSE
"伝染性紅斑","富山県","2026-38","2026-09-20",0,0,0.5991666666666667,0,2,0,NA,FALSE
"咽頭結膜熱","富山県","2026-38","2026-09-20",0.21,0.2175,0.4341666666666667,0.5,3,0.07,0.875,FALSE
"急性出血性結膜炎","富山県","2026-38","2026-09-20",0,0,0.023333333333333334,0,1,0,NA,FALSE
"感染性胃腸炎","富山県","2026-38","2026-09-20",5.17,4.705,3.8316666666666666,1.23,20,0.26,1.0953,FALSE
"感染性胃腸炎（ロタウイルス）","富山県","2026-38","2026-09-20",0,0,0,NA,NA,NA,NA,FALSE
"手足口病","富山県","2026-38","2026-09-20",0.86,0.88,6.371666666666667,0.14,5,0.17,1.303,FALSE
"新型コロナウイルス","富山県","2026-38","2026-09-20",3.73,2.7199999999999998,10.984166666666667,0.25,NA,NA,0.8516,FALSE
"水痘","富山県","2026-38","2026-09-20",0.21,0.2575,0.13583333333333333,1.9,2,0.1,0.875,FALSE
"流行性耳下腺炎","富山県","2026-38","2026-09-20",0,0.025,0.03166666666666667,0.79,6,0,0,FALSE
"流行性角結膜炎","富山県","2026-38","2026-09-20",0.71,0.6425,0.30916666666666665,2.08,8,0.09,0.8256,FALSE
"無菌性髄膜炎","富山県","2026-38","2026-09-20",0,0,0,NA,NA,NA,NA,FALSE
"突発性発しん","富山県","2026-38","2026-09-20",0.41,0.2925,0.26666666666666666,1.1,NA,NA,1.9524,FALSE
"細菌性髄膜炎","富山県","2026-38","2026-09-20",0,0,0.03333333333333333,0,NA,NA,NA,FALSE
"A群溶血性レンサ球菌咽頭炎","山口県","2026-38","2026-09-20",2.89,2.8925,2.236666666666667,1.29,8,0.36,1.0784,FALSE
"RSウイルス","山口県","2026-38","2026-09-20",2,1.2825,1.1666666666666667,1.1,NA,NA,1.3333,FALSE
"インフルエンザ","山口県","2026-38","2026-09-20",5.13,4.965,2.723333333333333,1.82,30,0.17,0.6389,FALSE
"クラミジア肺炎","山口県","2026-38","2026-09-20",0,0,0,NA,NA,NA,NA,FALSE
"ヘルパンギーナ","山口県","2026-38","2026-09-20",0.24,0.32249999999999995,0.74,0.44,6,0.04,0.5714,FALSE
"マイコプラズマ肺炎","山口県","2026-38","2026-09-20",0.33,0.36,0.47333333333333333,0.76,NA,NA,1,FALSE
"伝染性紅斑","山口県","2026-38","2026-09-20",0.11,0.1675,0.5233333333333333,0.32,2,0.06,0.4583,FALSE
"咽頭結膜熱","山口県","2026-38","2026-09-20",0.74,0.5525,0.21416666666666667,2.58,3,0.25,1.1746,FALSE
"急性出血性結膜炎","山口県","2026-38","2026-09-20",0,0,0,NA,1,0,NA,FALSE
"感染性胃腸炎","山口県","2026-38","2026-09-20",4.13,3.8425,3.1266666666666665,1.23,20,0.21,1.17,FALSE
"感染性胃腸炎（ロタウイルス）","山口県","2026-38","2026-09-20",0,0,0,NA,NA,NA,NA,FALSE
"手足口病","山口県","2026-38","2026-09-20",0.45,0.75,3.9333333333333336,0.19,5,0.09,0.6818,FALSE
"新型コロナウイルス","山口県","2026-38","2026-09-20",1.85,2.4975,10.956666666666667,0.23,NA,NA,0.7227,FALSE
"水痘","山口県","2026-38","2026-09-20",0.05,0.125,0.13,0.96,2,0.03,0.3125,FALSE
"流行性耳下腺炎","山口県","2026-38","2026-09-20",0,0.0275,0.03166666666666667,0.87,6,0,0,FALSE
"流行性角結膜炎","山口県","2026-38","2026-09-20",2.11,1.9175,0.4341666666666667,4.42,8,0.26,1.1164,FALSE
"無菌性髄膜炎","山口県","2026-38","2026-09-20",0,0.0275,0,NA,NA,NA,NA,FALSE
"突発性発しん","山口県","2026-38","2026-09-20",0.42,0.45999999999999996,0.4166666666666667,1.1,NA,NA,0.9333,FALSE
"細菌性髄膜炎","山口県","2026-38","2026-09-20",0,0.055,0.009166666666666667,6,NA,NA,0,FALSE
"A群溶血性レンサ球菌咽頭炎","山形県","2026-38","2026-09-20",1.35,1.6349999999999998,1.8633333333333333,0.88,8,0.17,0.9783,FALSE
"RSウイルス","山形県","2026-38","2026-09-20",0.58,0.38499999999999995,3.085,0.12,NA,NA,1.871,FALSE
"インフルエンザ","山形県","2026-38","2026-09-20",7.15,3.8375,0.2683333333333333,14.3,30,0.24,1.7105,FALSE
"クラミジア肺炎","山形県","2026-38","2026-09-20",0,0,0,NA,NA,NA,NA,FALSE
"ヘルパンギーナ","山形県","2026-38","2026-09-20",0.73,1.125,3.0975,0.36,6,0.12,0.7604,FALSE
"マイコプラズマ肺炎","山形県","2026-38","2026-09-20",0.3,0.15000000000000002,0.525,0.29,NA,NA,3,FALSE
"伝染性紅斑","山形県","2026-38","2026-09-20",0.04,0.02,1.705,0.01,2,0.02,NA,FALSE
"咽頭結膜熱","山形県","2026-38","2026-09-20",0.12,0.1075,0.23666666666666666,0.45,3,0.04,1,FALSE
"急性出血性結膜炎","山形県","2026-38","2026-09-20",0,0,0,NA,1,0,NA,FALSE
"感染性胃腸炎","山形県","2026-38","2026-09-20",1.73,2.0875,3.2133333333333334,0.65,20,0.09,0.7489,FALSE
"感染性胃腸炎（ロタウイルス）","山形県","2026-38","2026-09-20",0,0,0,NA,NA,NA,NA,FALSE
"手足口病","山形県","2026-38","2026-09-20",2.62,3.935,4.098333333333334,0.96,5,0.52,0.7661,TRUE
"新型コロナウイルス","山形県","2026-38","2026-09-20",4.46,3.9425,12.0025,0.33,NA,NA,1.0229,FALSE
"水痘","山形県","2026-38","2026-09-20",0.38,0.4975,0.15666666666666668,3.18,2,0.19,0.76,FALSE
"流行性耳下腺炎","山形県","2026-38","2026-09-20",0.04,0.04,0.04083333333333333,0.98,6,0.01,NA,FALSE
"流行性角結膜炎","山形県","2026-38","2026-09-20",0.25,0.25,0.23083333333333333,1.08,8,0.03,1,FALSE
"無菌性髄膜炎","山形県","2026-38","2026-09-20",0.1,0.025,0.008333333333333333,3,NA,NA,NA,FALSE
"突発性発しん","山形県","2026-38","2026-09-20",0.19,0.33499999999999996,0.3458333333333333,0.97,NA,NA,0.38,FALSE
"細菌性髄膜炎","山形県","2026-38","2026-09-20",0.1,0.025,0,NA,NA,NA,NA,FALSE
"A群溶血性レンサ球菌咽頭炎","山梨県","2026-38","2026-09-20",0.19,0.475,0.4625,1.03,8,0.02,0.3654,FALSE
"RSウイルス","山梨県","2026-38","2026-09-20",0.57,0.2875,0.6227272727272727,0.46,NA,NA,1.1875,FALSE
"インフルエンザ","山梨県","2026-38","2026-09-20",4,2.3725,1.2183333333333333,1.95,30,0.13,1.5038,FALSE
"クラミジア肺炎","山梨県","2026-38","2026-09-20",0,0.05,0,NA,NA,NA,NA,FALSE
"ヘルパンギーナ","山梨県","2026-38","2026-09-20",1.33,1.06,0.49083333333333334,2.16,6,0.22,1.4,FALSE
"マイコプラズマ肺炎","山梨県","2026-38","2026-09-20",1.3,0.65,0.2583333333333333,2.52,NA,NA,6.5,FALSE
"伝染性紅斑","山梨県","2026-38","2026-09-20",0,0.0125,0.295,0.04,2,0,NA,FALSE
"咽頭結膜熱","山梨県","2026-38","2026-09-20",0.05,0.0725,0.1925,0.38,3,0.02,0.3571,FALSE
"急性出血性結膜炎","山梨県","2026-38","2026-09-20",0,0,0.03666666666666667,0,1,0,NA,FALSE
"感染性胃腸炎","山梨県","2026-38","2026-09-20",2.52,2.64,2.9458333333333333,0.9,20,0.13,1,FALSE
"感染性胃腸炎（ロタウイルス）","山梨県","2026-38","2026-09-20",0,0,0,NA,NA,NA,NA,FALSE
"手足口病","山梨県","2026-38","2026-09-20",0.48,0.715,2.2425,0.32,5,0.1,0.5581,FALSE
"新型コロナウイルス","山梨県","2026-38","2026-09-20",2.89,2.71,11.883333333333333,0.23,NA,NA,1,FALSE
"水痘","山梨県","2026-38","2026-09-20",0,0.060000000000000005,0.065,0.92,2,0,0,FALSE
"流行性耳下腺炎","山梨県","2026-38","2026-09-20",0.05,0.0125,0.035,0.36,6,0.01,NA,FALSE
"流行性角結膜炎","山梨県","2026-38","2026-09-20",0.11,0.165,0.7208333333333333,0.23,8,0.01,NA,FALSE
"無菌性髄膜炎","山梨県","2026-38","2026-09-20",0,0.025,0.008333333333333333,3,NA,NA,NA,FALSE
"突発性発しん","山梨県","2026-38","2026-09-20",0.05,0.095,0.255,0.37,NA,NA,0.2632,FALSE
"細菌性髄膜炎","山梨県","2026-38","2026-09-20",0,0.075,0.025,3,NA,NA,NA,FALSE
"A群溶血性レンサ球菌咽頭炎","岐阜県","2026-38","2026-09-20",1.07,1.1775,0.9016666666666667,1.31,8,0.13,0.8231,FALSE
"RSウイルス","岐阜県","2026-38","2026-09-20",1.44,1.13,0.6883333333333334,1.64,NA,NA,0.8834,FALSE
"インフルエンザ","岐阜県","2026-38","2026-09-20",5.67,2.985,1.1433333333333333,2.61,30,0.19,1.3863,FALSE
"クラミジア肺炎","岐阜県","2026-38","2026-09-20",0,0,0,NA,NA,NA,NA,FALSE
"ヘルパンギーナ","岐阜県","2026-38","2026-09-20",2.7,1.8699999999999999,0.5475,3.42,6,0.45,1.6168,FALSE
"マイコプラズマ肺炎","岐阜県","2026-38","2026-09-20",0.6,0.44999999999999996,1.2,0.38,NA,NA,1,FALSE
"伝染性紅斑","岐阜県","2026-38","2026-09-20",0.11,0.065,0.8608333333333333,0.08,2,0.06,2.75,FALSE
"咽頭結膜熱","岐阜県","2026-38","2026-09-20",0.07,0.1,0.27166666666666667,0.37,3,0.02,1,FALSE
"急性出血性結膜炎","岐阜県","2026-38","2026-09-20",0,0,0,NA,1,0,NA,FALSE
"感染性胃腸炎","岐阜県","2026-38","2026-09-20",5.11,5.6025,3.3958333333333335,1.65,20,0.26,1.1884,FALSE
"感染性胃腸炎（ロタウイルス）","岐阜県","2026-38","2026-09-20",0,0,0,NA,NA,NA,NA,FALSE
"手足口病","岐阜県","2026-38","2026-09-20",2,2.1950000000000003,2.8066666666666666,0.78,5,0.4,0.9302,FALSE
"新型コロナウイルス","岐阜県","2026-38","2026-09-20",2.93,2.5925000000000002,12.454166666666666,0.21,NA,NA,0.8567,FALSE
"水痘","岐阜県","2026-38","2026-09-20",0.07,0.12,0.10083333333333333,1.19,2,0.04,0.6364,FALSE
"流行性耳下腺炎","岐阜県","2026-38","2026-09-20",0,0.02,0.05,0.4,6,0,0,FALSE
"流行性角結膜炎","岐阜県","2026-38","2026-09-20",0.09,0.045,0.4375,0.1,8,0.01,NA,FALSE
"無菌性髄膜炎","岐阜県","2026-38","2026-09-20",0,0.15000000000000002,0.15000000000000002,1,NA,NA,0,FALSE
"突発性発しん","岐阜県","2026-38","2026-09-20",0.26,0.3425,0.2225,1.54,NA,NA,0.7879,FALSE
"細菌性髄膜炎","岐阜県","2026-38","2026-09-20",0.2,0.1,0.016666666666666666,6,NA,NA,NA,FALSE
"A群溶血性レンサ球菌咽頭炎","岡山県","2026-38","2026-09-20",1.36,1.5550000000000002,0.8941666666666667,1.74,8,0.17,0.9067,FALSE
"RSウイルス","岡山県","2026-38","2026-09-20",0.29,0.27,0.8525,0.32,NA,NA,0.9062,FALSE
"インフルエンザ","岡山県","2026-38","2026-09-20",1.4,0.72,1.4925,0.48,30,0.05,1.9444,FALSE
"クラミジア肺炎","岡山県","2026-38","2026-09-20",0,0,0,NA,NA,NA,NA,FALSE
"ヘルパンギーナ","岡山県","2026-38","2026-09-20",0.29,0.295,0.5,0.59,6,0.05,1.381,FALSE
"マイコプラズマ肺炎","岡山県","2026-38","2026-09-20",0.6,0.6,0.65,0.92,NA,NA,0.6,FALSE
"伝染性紅斑","岡山県","2026-38","2026-09-20",0,0.037500000000000006,0.5858333333333333,0.06,2,0,0,FALSE
"咽頭結膜熱","岡山県","2026-38","2026-09-20",0.18,0.3325,0.21833333333333332,1.52,3,0.06,0.5,FALSE
"急性出血性結膜炎","岡山県","2026-38","2026-09-20",0,0,0.02,0,1,0,NA,FALSE
"感染性胃腸炎","岡山県","2026-38","2026-09-20",2.61,2.99,3.325833333333333,0.9,20,0.13,0.8908,FALSE
"感染性胃腸炎（ロタウイルス）","岡山県","2026-38","2026-09-20",0,0,0,NA,NA,NA,NA,FALSE
"手足口病","岡山県","2026-38","2026-09-20",0.5,0.6075,1.5291666666666668,0.4,5,0.1,1.5625,FALSE
"新型コロナウイルス","岡山県","2026-38","2026-09-20",1.84,1.905,10.585833333333333,0.18,NA,NA,0.8762,FALSE
"水痘","岡山県","2026-38","2026-09-20",0.07,0.1875,0.12,1.56,2,0.04,0.28,FALSE
"流行性耳下腺炎","岡山県","2026-38","2026-09-20",0,0.02,0.05333333333333334,0.38,6,0,NA,FALSE
"流行性角結膜炎","岡山県","2026-38","2026-09-20",0.67,0.25,0.27666666666666667,0.9,8,0.08,2.68,FALSE
"無菌性髄膜炎","岡山県","2026-38","2026-09-20",0,0.05,0.08333333333333334,0.6,NA,NA,0,FALSE
"突発性発しん","岡山県","2026-38","2026-09-20",0.36,0.43,0.32,1.34,NA,NA,0.6316,FALSE
"細菌性髄膜炎","岡山県","2026-38","2026-09-20",0,0.1,0.03333333333333333,3,NA,NA,NA,FALSE
"A群溶血性レンサ球菌咽頭炎","岩手県","2026-38","2026-09-20",1.35,1.08,1.4191666666666667,0.76,8,0.17,1,FALSE
"RSウイルス","岩手県","2026-38","2026-09-20",0.92,0.6975,0.895,0.78,NA,NA,1.7037,FALSE
"インフルエンザ","岩手県","2026-38","2026-09-20",5.32,4.387499999999999,0.38666666666666666,11.35,30,0.18,1.4074,FALSE
"クラミジア肺炎","岩手県","2026-38","2026-09-20",0,0,0,NA,NA,NA,NA,FALSE
"ヘルパンギーナ","岩手県","2026-38","2026-09-20",0.5,1.015,1.13,0.9,6,0.08,0.4202,FALSE
"マイコプラズマ肺炎","岩手県","2026-38","2026-09-20",0.42,0.5,0.5700000000000001,0.88,NA,NA,0.5316,FALSE
"伝染性紅斑","岩手県","2026-38","2026-09-20",0.04,0.01,0.7541666666666667,0.01,2,0.02,NA,FALSE
"咽頭結膜熱","岩手県","2026-38","2026-09-20",0.23,0.125,0.3375,0.37,3,0.08,2.875,FALSE
"急性出血性結膜炎","岩手県","2026-38","2026-09-20",0,0,0.005833333333333334,0,1,0,NA,FALSE
"感染性胃腸炎","岩手県","2026-38","2026-09-20",3.19,3.5775,4.364166666666667,0.82,20,0.16,0.7613,FALSE
"感染性胃腸炎（ロタウイルス）","岩手県","2026-38","2026-09-20",0,0.0125,0.0125,1,NA,NA,NA,FALSE
"手足口病","岩手県","2026-38","2026-09-20",2.73,5.295,3.8275,1.38,5,0.55,0.6454,TRUE
"新型コロナウイルス","岩手県","2026-38","2026-09-20",2.07,1.3725,14.766666666666667,0.09,NA,NA,1.2857,FALSE
"水痘","岩手県","2026-38","2026-09-20",0.08,0.105,0.08,1.31,2,0.04,0.6667,FALSE
"流行性耳下腺炎","岩手県","2026-38","2026-09-20",0,0.08499999999999999,0.0475,1.79,6,0,NA,FALSE
"流行性角結膜炎","岩手県","2026-38","2026-09-20",0.36,0.14250000000000002,0.21333333333333332,0.67,8,0.04,5.1429,FALSE
"無菌性髄膜炎","岩手県","2026-38","2026-09-20",0,0.0125,0.021666666666666667,0.58,NA,NA,NA,FALSE
"突発性発しん","岩手県","2026-38","2026-09-20",0.27,0.3025,0.3175,0.95,NA,NA,1,FALSE
"細菌性髄膜炎","岩手県","2026-38","2026-09-20",0,0,0.008333333333333333,0,NA,NA,NA,FALSE
"A群溶血性レンサ球菌咽頭炎","島根県","2026-38","2026-09-20",2.45,2.3175,0.6541666666666667,3.54,8,0.31,1.3462,FALSE
"RSウイルス","島根県","2026-38","2026-09-20",1.82,2.34,0.9191666666666667,2.55,NA,NA,0.7712,FALSE
"インフルエンザ","島根県","2026-38","2026-09-20",3.2,2.425,0.9491666666666666,2.55,30,0.11,0.9697,FALSE
"クラミジア肺炎","島根県","2026-38","2026-09-20",0,0,0,NA,NA,NA,NA,FALSE
"ヘルパンギーナ","島根県","2026-38","2026-09-20",0.73,0.6825,0.38083333333333336,1.79,6,0.12,0.5748,FALSE
"マイコプラズマ肺炎","島根県","2026-38","2026-09-20",0.13,0.1575,0.37666666666666665,0.42,NA,NA,0.52,FALSE
"伝染性紅斑","島根県","2026-38","2026-09-20",0,0,0.8525,0,2,0,NA,FALSE
"咽頭結膜熱","島根県","2026-38","2026-09-20",1.18,0.8425,0.5133333333333333,1.64,3,0.39,2.1455,FALSE
"急性出血性結膜炎","島根県","2026-38","2026-09-20",0,0,0,NA,1,0,NA,FALSE
"感染性胃腸炎","島根県","2026-38","2026-09-20",3.45,4.8875,4.645833333333333,1.05,20,0.17,0.5196,FALSE
"感染性胃腸炎（ロタウイルス）","島根県","2026-38","2026-09-20",0,0,0,NA,NA,NA,NA,FALSE
"手足口病","島根県","2026-38","2026-09-20",0.27,0.385,4.679166666666666,0.08,5,0.05,0.75,FALSE
"新型コロナウイルス","島根県","2026-38","2026-09-20",2.4,3.4374999999999996,9.8533333333333335,0.35,NA,NA,0.6957,FALSE
"水痘","島根県","2026-38","2026-09-20",0.27,0.4075,0.11916666666666667,3.42,2,0.14,1.5,FALSE
"流行性耳下腺炎","島根県","2026-38","2026-09-20",0,0.0675,0.03,2.25,6,0,0,FALSE
"流行性角結膜炎","島根県","2026-38","2026-09-20",2,1.4175,0.2225,6.37,8,0.25,1.1976,FALSE
"無菌性髄膜炎","島根県","2026-38","2026-09-20",0,0,0.0325,0,NA,NA,NA,FALSE
"突発性発しん","島根県","2026-38","2026-09-20",0.09,0.5,0.4966666666666667,1.01,NA,NA,0.25,FALSE
"細菌性髄膜炎","島根県","2026-38","2026-09-20",0,0,0,NA,NA,NA,NA,FALSE
"A群溶血性レンサ球菌咽頭炎","広島県","2026-38","2026-09-20",1.43,1.6324999999999998,1.7325,0.94,8,0.18,0.8614,FALSE
"RSウイルス","広島県","2026-38","2026-09-20",0.46,0.51,0.6008333333333333,0.85,NA,NA,0.7797,FALSE
"インフルエンザ","広島県","2026-38","2026-09-20",2.67,1.625,0.935,1.74,30,0.09,1.6792,FALSE
"クラミジア肺炎","広島県","2026-38","2026-09-20",0,0,0,NA,NA,NA,NA,FALSE
"ヘルパンギーナ","広島県","2026-38","2026-09-20",0.13,0.3275,0.5466666666666666,0.6,6,0.02,0.3421,FALSE
"マイコプラズマ肺炎","広島県","2026-38","2026-09-20",0.55,0.4125,1.1258333333333332,0.37,NA,NA,2.75,FALSE
"伝染性紅斑","広島県","2026-38","2026-09-20",0,0.0175,0.6258333333333334,0.03,2,0,0,FALSE
"咽頭結膜熱","広島県","2026-38","2026-09-20",0.59,0.3975,0.3125,1.27,3,0.2,1.3721,FALSE
"急性出血性結膜炎","広島県","2026-38","2026-09-20",0,0.0125,0.004166666666666667,3,1,0,NA,FALSE
"感染性胃腸炎","広島県","2026-38","2026-09-20",4.14,4.3,3.3183333333333334,1.3,20,0.21,0.8884,FALSE
"感染性胃腸炎（ロタウイルス）","広島県","2026-38","2026-09-20",0,0.0125,0.004166666666666667,3,NA,NA,0,FALSE
"手足口病","広島県","2026-38","2026-09-20",0.45,0.6125,2.243333333333333,0.27,5,0.09,0.7143,FALSE
"新型コロナウイルス","広島県","2026-38","2026-09-20",1.44,1.1800000000000002,8.758333333333333,0.13,NA,NA,0.9796,FALSE
"水痘","広島県","2026-38","2026-09-20",0.14,0.1925,0.10583333333333333,1.82,2,0.07,0.56,FALSE
"流行性耳下腺炎","広島県","2026-38","2026-09-20",0.09,0.0375,0.03166666666666667,1.18,6,0.01,NA,FALSE
"流行性角結膜炎","広島県","2026-38","2026-09-20",0.16,0.305,0.745,0.41,8,0.02,0.5,FALSE
"無菌性髄膜炎","広島県","2026-38","2026-09-20",0.05,0.0125,0.037500000000000006,0.33,NA,NA,NA,FALSE
"突発性発しん","広島県","2026-38","2026-09-20",0.27,0.235,0.23083333333333333,1.02,NA,NA,1.2857,FALSE
"細菌性髄膜炎","広島県","2026-38","2026-09-20",0,0,0,NA,NA,NA,NA,FALSE
"A群溶血性レンサ球菌咽頭炎","徳島県","2026-38","2026-09-20",1.38,0.95,0.5166666666666667,1.84,8,0.17,2.6538,FALSE
"RSウイルス","徳島県","2026-38","2026-09-20",1.62,0.94,0.8854545454545454,1.06,NA,NA,2.2817,FALSE
"インフルエンザ","徳島県","2026-38","2026-09-20",5.67,2.9025000000000003,2.4675000000000002,1.18,30,0.19,1.5324,FALSE
"クラミジア肺炎","徳島県","2026-38","2026-09-20",0,0,0,NA,NA,NA,NA,FALSE
"ヘルパンギーナ","徳島県","2026-38","2026-09-20",1,0.95,0.6616666666666666,1.44,6,0.17,0.8772,FALSE
"マイコプラズマ肺炎","徳島県","2026-38","2026-09-20",0.14,0.10500000000000001,0.42833333333333334,0.25,NA,NA,NA,FALSE
"伝染性紅斑","徳島県","2026-38","2026-09-20",0.29,0.22749999999999998,0.29250000000000004,0.78,2,0.14,1.2083,FALSE
"咽頭結膜熱","徳島県","2026-38","2026-09-20",0.14,0.1325,0.3441666666666667,0.38,3,0.05,0.5833,FALSE
"急性出血性結膜炎","徳島県","2026-38","2026-09-20",0,0,0.020833333333333332,0,1,0,NA,FALSE
"感染性胃腸炎","徳島県","2026-38","2026-09-20",2.9,2.63,2.9283333333333332,0.9,20,0.14,1.1694,FALSE
"感染性胃腸炎（ロタウイルス）","徳島県","2026-38","2026-09-20",0,0,0,NA,NA,NA,NA,FALSE
"手足口病","徳島県","2026-38","2026-09-20",0.48,0.9875,0.8833333333333333,1.12,5,0.1,0.9231,FALSE
"新型コロナウイルス","徳島県","2026-38","2026-09-20",2.76,2.545,11.468333333333334,0.22,NA,NA,0.9583,FALSE
"水痘","徳島県","2026-38","2026-09-20",0.19,0.13,0.034166666666666665,3.8,2,0.1,3.8,FALSE
"流行性耳下腺炎","徳島県","2026-38","2026-09-20",0,0.0475,0.011666666666666667,4.07,6,0,0,FALSE
"流行性角結膜炎","徳島県","2026-38","2026-09-20",0,0.1875,0.10416666666666667,1.8,8,0,NA,FALSE
"無菌性髄膜炎","徳島県","2026-38","2026-09-20",0.29,0.0725,0.059166666666666666,1.23,NA,NA,NA,FALSE
"突発性発しん","徳島県","2026-38","2026-09-20",0.24,0.2625,0.305,0.86,NA,NA,0.7273,FALSE
"細菌性髄膜炎","徳島県","2026-38","2026-09-20",0,0.035,0.023333333333333334,1.5,NA,NA,NA,FALSE
"A群溶血性レンサ球菌咽頭炎","愛媛県","2026-38","2026-09-20",6.33,5.297499999999999,2.9425,1.8,8,0.79,1.0463,FALSE
"RSウイルス","愛媛県","2026-38","2026-09-20",0.29,0.46749999999999997,1.3241666666666667,0.35,NA,NA,0.6042,FALSE
"インフルエンザ","愛媛県","2026-38","2026-09-20",4.55,2.0749999999999997,3.1216666666666666,0.66,30,0.15,1.8421,FALSE
"クラミジア肺炎","愛媛県","2026-38","2026-09-20",0,0,0,NA,NA,NA,NA,FALSE
"ヘルパンギーナ","愛媛県","2026-38","2026-09-20",1.19,0.915,0.9841666666666666,0.93,6,0.2,1.4691,FALSE
"マイコプラズマ肺炎","愛媛県","2026-38","2026-09-20",0.17,0.1675,0.5558333333333333,0.3,NA,NA,NA,FALSE
"伝染性紅斑","愛媛県","2026-38","2026-09-20",0.05,0.037500000000000006,1.1225,0.03,2,0.03,NA,FALSE
"咽頭結膜熱","愛媛県","2026-38","2026-09-20",0.19,0.14250000000000002,0.9983333333333334,0.14,3,0.06,3.8,FALSE
"急性出血性結膜炎","愛媛県","2026-38","2026-09-20",0,0,0.020833333333333332,0,1,0,NA,FALSE
"感染性胃腸炎","愛媛県","2026-38","2026-09-20",3.62,4.3575,4.384166666666666,0.99,20,0.18,0.7752,FALSE
"感染性胃腸炎（ロタウイルス）","愛媛県","2026-38","2026-09-20",0,0,0.014166666666666668,0,NA,NA,NA,FALSE
"手足口病","愛媛県","2026-38","2026-09-20",1.19,1.9775,4.685,0.42,5,0.24,0.7346,FALSE
"新型コロナウイルス","愛媛県","2026-38","2026-09-20",1.53,1.9100000000000001,11.356666666666667,0.17,NA,NA,0.6456,FALSE
"水痘","愛媛県","2026-38","2026-09-20",0.29,0.31,0.15416666666666667,2.01,2,0.14,1.5263,FALSE
"流行性耳下腺炎","愛媛県","2026-38","2026-09-20",0.1,0.085,0.024166666666666666,3.52,6,0.02,0.5263,FALSE
"流行性角結膜炎","愛媛県","2026-38","2026-09-20",0.25,0.595,2.2533333333333334,0.26,8,0.03,0.25,FALSE
"無菌性髄膜炎","愛媛県","2026-38","2026-09-20",0,0,0.014166666666666668,0,NA,NA,NA,FALSE
"突発性発しん","愛媛県","2026-38","2026-09-20",0.38,0.41500000000000004,0.36333333333333334,1.14,NA,NA,1,FALSE
"細菌性髄膜炎","愛媛県","2026-38","2026-09-20",0.17,0.0425,0.0275,1.55,NA,NA,NA,FALSE
"A群溶血性レンサ球菌咽頭炎","愛知県","2026-38","2026-09-20",1.11,1.12,1.2075,0.93,8,0.14,0.9098,FALSE
"RSウイルス","愛知県","2026-38","2026-09-20",1.29,0.7325,0.4558333333333333,1.61,NA,NA,2.3036,FALSE
"インフルエンザ","愛知県","2026-38","2026-09-20",15.12,6.305,2.421666666666667,2.6,30,0.5,2.2979,FALSE
"クラミジア肺炎","愛知県","2026-38","2026-09-20",0,0,0,NA,NA,NA,NA,FALSE
"ヘルパンギーナ","愛知県","2026-38","2026-09-20",1.33,1.11,0.42,2.64,6,0.22,1.1466,FALSE
"マイコプラズマ肺炎","愛知県","2026-38","2026-09-20",1.27,1.2025000000000001,1.4675,0.82,NA,NA,1.0583,FALSE
"伝染性紅斑","愛知県","2026-38","2026-09-20",0.01,0.0075,1.01,0.01,2,0,0.5,FALSE
"咽頭結膜熱","愛知県","2026-38","2026-09-20",0.11,0.09,0.4325,0.21,3,0.04,2.2,FALSE
"急性出血性結膜炎","愛知県","2026-38","2026-09-20",0,0,0.0075,0,1,0,NA,FALSE
"感染性胃腸炎","愛知県","2026-38","2026-09-20",3.86,3.805,2.965,1.28,20,0.19,0.9797,FALSE
"感染性胃腸炎（ロタウイルス）","愛知県","2026-38","2026-09-20",0,0,0.0175,0,NA,NA,NA,FALSE
"手足口病","愛知県","2026-38","2026-09-20",1.71,1.83,3.3316666666666666,0.55,5,0.34,1.0301,FALSE
"新型コロナウイルス","愛知県","2026-38","2026-09-20",3.92,3.0425,12.988333333333333,0.23,NA,NA,1.2366,FALSE
"水痘","愛知県","2026-38","2026-09-20",0.24,0.185,0.09333333333333334,1.98,2,0.12,1.2632,FALSE
"流行性耳下腺炎","愛知県","2026-38","2026-09-20",0.07,0.05,0.035833333333333335,1.4,6,0.01,3.5,FALSE
"流行性角結膜炎","愛知県","2026-38","2026-09-20",0.23,0.265,0.4508333333333333,0.59,8,0.03,0.6216,FALSE
"無菌性髄膜炎","愛知県","2026-38","2026-09-20",0.07,0.0175,0.06833333333333334,0.26,NA,NA,NA,FALSE
"突発性発しん","愛知県","2026-38","2026-09-20",0.28,0.31250000000000006,0.22,1.42,NA,NA,0.9032,FALSE
"細菌性髄膜炎","愛知県","2026-38","2026-09-20",0.07,0.0175,0.03916666666666667,0.45,NA,NA,NA,FALSE
"A群溶血性レンサ球菌咽頭炎","新潟県","2026-38","2026-09-20",2.7,2.0500000000000003,1.9875,1.03,8,0.34,1.2857,FALSE
"RSウイルス","新潟県","2026-38","2026-09-20",0.8,1.1,1.1125,0.99,NA,NA,0.6154,FALSE
"インフルエンザ","新潟県","2026-38","2026-09-20",10.16,7.327500000000001,0.6641666666666667,11.03,30,0.34,1.0763,FALSE
"クラミジア肺炎","新潟県","2026-38","2026-09-20",0,0,0.006666666666666667,0,NA,NA,NA,FALSE
"ヘルパンギーナ","新潟県","2026-38","2026-09-20",1.13,1.05,1.365,0.77,6,0.19,1.8833,FALSE
"マイコプラズマ肺炎","新潟県","2026-38","2026-09-20",1,0.94,0.5583333333333333,1.68,NA,NA,1,FALSE
"伝染性紅斑","新潟県","2026-38","2026-09-20",0.1,0.14250000000000002,0.69,0.21,2,0.05,0.5,FALSE
"咽頭結膜熱","新潟県","2026-38","2026-09-20",0.07,0.135,0.44416666666666665,0.3,3,0.02,0.7,FALSE
"急性出血性結膜炎","新潟県","2026-38","2026-09-20",0,0,0.05,0,1,0,NA,FALSE
"感染性胃腸炎","新潟県","2026-38","2026-09-20",2.1,1.885,3.2925,0.57,20,0.11,1.3376,FALSE
"感染性胃腸炎（ロタウイルス）","新潟県","2026-38","2026-09-20",0.08,0.02,0.025833333333333333,0.77,NA,NA,NA,FALSE
"手足口病","新潟県","2026-38","2026-09-20",1.93,2.7675,3.413333333333333,0.81,5,0.39,0.8502,FALSE
"新型コロナウイルス","新潟県","2026-38","2026-09-20",4.16,4.42,13.271666666666667,0.33,NA,NA,0.8387,FALSE
"水痘","新潟県","2026-38","2026-09-20",0.3,0.28500000000000003,0.13166666666666668,2.16,2,0.15,1.7647,FALSE
"流行性耳下腺炎","新潟県","2026-38","2026-09-20",0.03,0.0225,0.03333333333333333,0.67,6,0,NA,FALSE
"流行性角結膜炎","新潟県","2026-38","2026-09-20",0.1,0.125,0.55,0.23,8,0.01,1,FALSE
"無菌性髄膜炎","新潟県","2026-38","2026-09-20",0,0.04,0.045,0.89,NA,NA,NA,FALSE
"突発性発しん","新潟県","2026-38","2026-09-20",0.3,0.23500000000000004,0.2758333333333333,0.85,NA,NA,1.1111,FALSE
"細菌性髄膜炎","新潟県","2026-38","2026-09-20",0,0.02,0.02,1,NA,NA,NA,FALSE
"A群溶血性レンサ球菌咽頭炎","東京都","2026-38","2026-09-20",1.15,0.9275,1.5775,0.59,8,0.14,1.2234,FALSE
"RSウイルス","東京都","2026-38","2026-09-20",1.44,1.2875,0.5783333333333334,2.23,NA,NA,0.9664,FALSE
"インフルエンザ","東京都","2026-38","2026-09-20",15.21,8.2125,3.0541666666666667,2.69,30,0.51,1.596,FALSE
"クラミジア肺炎","東京都","2026-38","2026-09-20",0.08,0.060000000000000005,0.016666666666666666,3.6,NA,NA,1,FALSE
"ヘルパンギーナ","東京都","2026-38","2026-09-20",2.02,1.3125,0.8858333333333334,1.48,6,0.34,1.5303,FALSE
"マイコプラズマ肺炎","東京都","2026-38","2026-09-20",0.52,0.45999999999999996,0.8233333333333334,0.56,NA,NA,1,FALSE
"伝染性紅斑","東京都","2026-38","2026-09-20",0.02,0.02,0.35083333333333333,0.06,2,0.01,0.6667,FALSE
"咽頭結膜熱","東京都","2026-38","2026-09-20",0.16,0.16,0.6058333333333333,0.26,3,0.05,1.0667,FALSE
"急性出血性結膜炎","東京都","2026-38","2026-09-20",0,0.015,0.0025,6,1,0,0,FALSE
"感染性胃腸炎","東京都","2026-38","2026-09-20",4.42,4.117500000000001,3.72,1.11,20,0.22,1.119,FALSE
"感染性胃腸炎（ロタウイルス）","東京都","2026-38","2026-09-20",0,0.01,0.013333333333333334,0.75,NA,NA,NA,FALSE
"手足口病","東京都","2026-38","2026-09-20",1.22,1.17,3.2975,0.35,5,0.24,1.0702,FALSE
"新型コロナウイルス","東京都","2026-38","2026-09-20",2.92,2.0625,7.7775,0.27,NA,NA,1.2116,FALSE
"水痘","東京都","2026-38","2026-09-20",0.19,0.14250000000000002,0.14666666666666667,0.97,2,0.1,1.7273,FALSE
"流行性耳下腺炎","東京都","2026-38","2026-09-20",0.03,0.04,0.051666666666666666,0.77,6,0,0.5,FALSE
"流行性角結膜炎","東京都","2026-38","2026-09-20",0.42,0.5225,0.7416666666666667,0.7,8,0.05,0.8235,FALSE
"無菌性髄膜炎","東京都","2026-38","2026-09-20",0,0.04,0.06666666666666667,0.6,NA,NA,NA,FALSE
"突発性発しん","東京都","2026-38","2026-09-20",0.32,0.32000000000000006,0.30833333333333335,1.04,NA,NA,1.1852,FALSE
"細菌性髄膜炎","東京都","2026-38","2026-09-20",0.08,0.02,0.043333333333333335,0.46,NA,NA,NA,FALSE
"A群溶血性レンサ球菌咽頭炎","栃木県","2026-38","2026-09-20",2.19,1.8424999999999998,1.7558333333333334,1.05,8,0.27,0.8831,FALSE
"RSウイルス","栃木県","2026-38","2026-09-20",1.41,0.9825,1.3775,0.71,NA,NA,1.2703,FALSE
"インフルエンザ","栃木県","2026-38","2026-09-20",5.6,4.069999999999999,1.0833333333333333,3.76,30,0.19,1.1499,FALSE
"クラミジア肺炎","栃木県","2026-38","2026-09-20",0,0.07,0,NA,NA,NA,0,FALSE
"ヘルパンギーナ","栃木県","2026-38","2026-09-20",0.85,0.7775,0.73,1.07,6,0.14,1.2143,FALSE
"マイコプラズマ肺炎","栃木県","2026-38","2026-09-20",0.86,0.5725,1.1425,0.5,NA,NA,1.2113,FALSE
"伝染性紅斑","栃木県","2026-38","2026-09-20",0.04,0.0475,0.6141666666666666,0.08,2,0.02,1,FALSE
"咽頭結膜熱","栃木県","2026-38","2026-09-20",0.04,0.075,0.24,0.31,3,0.01,1,FALSE
"急性出血性結膜炎","栃木県","2026-38","2026-09-20",0,0.02,0,NA,1,0,NA,FALSE
"感染性胃腸炎","栃木県","2026-38","2026-09-20",1.81,1.8399999999999999,1.9958333333333333,0.92,20,0.09,0.8578,FALSE
"感染性胃腸炎（ロタウイルス）","栃木県","2026-38","2026-09-20",0,0,0,NA,NA,NA,NA,FALSE
"手足口病","栃木県","2026-38","2026-09-20",2.15,2.8724999999999996,2.665,1.08,5,0.43,1.1376,FALSE
"新型コロナウイルス","栃木県","2026-38","2026-09-20",4.72,4.7124999999999995,12.405833333333334,0.38,NA,NA,0.8661,FALSE
"水痘","栃木県","2026-38","2026-09-20",0.07,0.185,0.13083333333333333,1.41,2,0.04,0.3684,FALSE
"流行性耳下腺炎","栃木県","2026-38","2026-09-20",0,0.0375,0.04083333333333333,0.92,6,0,0,FALSE
"流行性角結膜炎","栃木県","2026-38","2026-09-20",0.58,0.5825,0.48,1.21,8,0.07,1.7576,FALSE
"無菌性髄膜炎","栃木県","2026-38","2026-09-20",0,0,0.024166666666666666,0,NA,NA,NA,FALSE
"突発性発しん","栃木県","2026-38","2026-09-20",0.63,0.3875,0.3516666666666667,1.1,NA,NA,4.2,FALSE
"細菌性髄膜炎","栃木県","2026-38","2026-09-20",0,0,0,NA,NA,NA,NA,FALSE
"A群溶血性レンサ球菌咽頭炎","沖縄県","2026-38","2026-09-20",1.25,1.0225,1.8283333333333334,0.56,8,0.16,1.3021,FALSE
"RSウイルス","沖縄県","2026-38","2026-09-20",0.38,0.69,0.32,2.16,NA,NA,0.6552,FALSE
"インフルエンザ","沖縄県","2026-38","2026-09-20",26.27,15.43,11.470833333333333,1.35,30,0.88,1.5816,FALSE
"クラミジア肺炎","沖縄県","2026-38","2026-09-20",0,0,0,NA,NA,NA,NA,FALSE
"ヘルパンギーナ","沖縄県","2026-38","2026-09-20",0.29,0.5425,0.34750000000000003,1.56,6,0.05,0.5,FALSE
"マイコプラズマ肺炎","沖縄県","2026-38","2026-09-20",0,0,0.3925,0,NA,NA,NA,FALSE
"伝染性紅斑","沖縄県","2026-38","2026-09-20",0.04,0.04,0.5191666666666667,0.08,2,0.02,1,FALSE
"咽頭結膜熱","沖縄県","2026-38","2026-09-20",0.67,0.535,1.2433333333333334,0.43,3,0.22,1,FALSE
"急性出血性結膜炎","沖縄県","2026-38","2026-09-20",0,0,0.029166666666666667,0,1,0,NA,FALSE
"感染性胃腸炎","沖縄県","2026-38","2026-09-20",5.04,4.470000000000001,2.5058333333333334,1.78,20,0.25,1.2203,FALSE
"感染性胃腸炎（ロタウイルス）","沖縄県","2026-38","2026-09-20",0,0.0725,0,NA,NA,NA,NA,FALSE
"手足口病","沖縄県","2026-38","2026-09-20",2.13,1.95,1.2133333333333334,1.61,5,0.43,1.0441,FALSE
"新型コロナウイルス","沖縄県","2026-38","2026-09-20",2.16,1.54,6.65,0.23,NA,NA,1.44,FALSE
"水痘","沖縄県","2026-38","2026-09-20",0.17,0.1375,0.14583333333333334,0.94,2,0.09,2.125,FALSE
"流行性耳下腺炎","沖縄県","2026-38","2026-09-20",0.04,0.02,0.050833333333333335,0.39,6,0.01,NA,FALSE
"流行性角結膜炎","沖縄県","2026-38","2026-09-20",2.67,2.1125,2.285833333333333,0.92,8,0.33,1.5988,FALSE
"無菌性髄膜炎","沖縄県","2026-38","2026-09-20",0,0.19,0.0825,2.3,NA,NA,0,FALSE
"突発性発しん","沖縄県","2026-38","2026-09-20",0.38,0.44999999999999996,0.25833333333333336,1.74,NA,NA,0.6552,FALSE
"細菌性髄膜炎","沖縄県","2026-38","2026-09-20",0,0.035,0.07083333333333333,0.49,NA,NA,NA,FALSE
"A群溶血性レンサ球菌咽頭炎","滋賀県","2026-38","2026-09-20",0.7,0.605,1.4883333333333333,0.41,8,0.09,1.7073,FALSE
"RSウイルス","滋賀県","2026-38","2026-09-20",1.17,0.855,0.37583333333333335,2.27,NA,NA,1.6027,FALSE
"インフルエンザ","滋賀県","2026-38","2026-09-20",2.79,2.08,1.2983333333333333,1.6,30,0.09,1.0489,FALSE
"クラミジア肺炎","滋賀県","2026-38","2026-09-20",0,0,0,NA,NA,NA,NA,FALSE
"ヘルパンギーナ","滋賀県","2026-38","2026-09-20",0.52,0.495,0.3416666666666667,1.45,6,0.09,1.04,FALSE
"マイコプラズマ肺炎","滋賀県","2026-38","2026-09-20",0.43,0.25,0.5116666666666667,0.49,NA,NA,1.4828,FALSE
"伝染性紅斑","滋賀県","2026-38","2026-09-20",0,0,0.6366666666666667,0,2,0,NA,FALSE
"咽頭結膜熱","滋賀県","2026-38","2026-09-20",0.09,0.0875,0.17,0.51,3,0.03,1,FALSE
"急性出血性結膜炎","滋賀県","2026-38","2026-09-20",0,0,0,NA,1,0,NA,FALSE
"感染性胃腸炎","滋賀県","2026-38","2026-09-20",1.35,2.055,2.9383333333333335,0.7,20,0.07,0.6193,FALSE
"感染性胃腸炎（ロタウイルス）","滋賀県","2026-38","2026-09-20",0,0,0,NA,NA,NA,NA,FALSE
"手足口病","滋賀県","2026-38","2026-09-20",1.57,1.145,3.7466666666666666,0.31,5,0.31,1.3305,FALSE
"新型コロナウイルス","滋賀県","2026-38","2026-09-20",1.32,1.42,7.998333333333333,0.18,NA,NA,0.7253,FALSE
"水痘","滋賀県","2026-38","2026-09-20",0.09,0.1225,0.21166666666666667,0.58,2,0.04,1.8,FALSE
"流行性耳下腺炎","滋賀県","2026-38","2026-09-20",0.09,0.0575,0.04833333333333333,1.19,6,0.01,1.8,FALSE
"流行性角結膜炎","滋賀県","2026-38","2026-09-20",0,0,0.075,0,8,0,NA,FALSE
"無菌性髄膜炎","滋賀県","2026-38","2026-09-20",0,0.0725,0.035833333333333335,2.02,NA,NA,NA,FALSE
"突発性発しん","滋賀県","2026-38","2026-09-20",0.3,0.2425,0.25,0.97,NA,NA,1.3043,FALSE
"細菌性髄膜炎","滋賀県","2026-38","2026-09-20",0,0.035,0.011666666666666667,3,NA,NA,NA,FALSE
"A群溶血性レンサ球菌咽頭炎","熊本県","2026-38","2026-09-20",1.47,1.3499999999999999,1.6183333333333334,0.83,8,0.18,1.3009,FALSE
"RSウイルス","熊本県","2026-38","2026-09-20",1.09,0.6925,0.6950000000000001,1,NA,NA,2.0566,FALSE
"インフルエンザ","熊本県","2026-38","2026-09-20",3.38,1.845,2.5575,0.72,30,0.11,1.5794,FALSE
"クラミジア肺炎","熊本県","2026-38","2026-09-20",0.07,0.0175,0,NA,NA,NA,NA,FALSE
"ヘルパンギーナ","熊本県","2026-38","2026-09-20",0.91,0.6599999999999999,0.8533333333333334,0.77,6,0.15,1.717,FALSE
"マイコプラズマ肺炎","熊本県","2026-38","2026-09-20",0,0.0875,0.5733333333333334,0.15,NA,NA,NA,FALSE
"伝染性紅斑","熊本県","2026-38","2026-09-20",0.04,0.025,0.8241666666666666,0.03,2,0.02,NA,FALSE
"咽頭結膜熱","熊本県","2026-38","2026-09-20",0.19,0.23500000000000001,0.36083333333333334,0.65,3,0.06,0.4419,FALSE
"急性出血性結膜炎","熊本県","2026-38","2026-09-20",0,0.1025,0.009166666666666667,11.18,1,0,0,FALSE
"感染性胃腸炎","熊本県","2026-38","2026-09-20",4.3,4.355,4.92,0.89,20,0.22,1.0513,FALSE
"感染性胃腸炎（ロタウイルス）","熊本県","2026-38","2026-09-20",0,0,0,NA,NA,NA,NA,FALSE
"手足口病","熊本県","2026-38","2026-09-20",0.45,0.4575,2.425,0.19,5,0.09,0.7895,FALSE
"新型コロナウイルス","熊本県","2026-38","2026-09-20",0.73,0.69,10.309166666666666,0.07,NA,NA,0.9481,FALSE
"水痘","熊本県","2026-38","2026-09-20",0.21,0.1475,0.145,1.02,2,0.1,2.3333,FALSE
"流行性耳下腺炎","熊本県","2026-38","2026-09-20",0.02,0.0425,0.04833333333333333,0.88,6,0,0.5,FALSE
"流行性角結膜炎","熊本県","2026-38","2026-09-20",1,0.6475,0.9633333333333334,0.67,8,0.12,1.7857,FALSE
"無菌性髄膜炎","熊本県","2026-38","2026-09-20",0.07,0.035,0.04666666666666667,0.75,NA,NA,1,FALSE
"突発性発しん","熊本県","2026-38","2026-09-20",0.66,0.7675,0.48083333333333333,1.6,NA,NA,0.9167,FALSE
"細菌性髄膜炎","熊本県","2026-38","2026-09-20",0,0.0175,0.005833333333333334,3,NA,NA,0,FALSE
"A群溶血性レンサ球菌咽頭炎","石川県","2026-38","2026-09-20",1.18,1.0625,1.1883333333333332,0.89,8,0.15,1.2292,FALSE
"RSウイルス","石川県","2026-38","2026-09-20",1.89,1.1875,1.08,1.1,NA,NA,1.3897,FALSE
"インフルエンザ","石川県","2026-38","2026-09-20",5.66,2.9749999999999996,0.8216666666666667,3.62,30,0.19,1.5297,FALSE
"クラミジア肺炎","石川県","2026-38","2026-09-20",0,0,0,NA,NA,NA,NA,FALSE
"ヘルパンギーナ","石川県","2026-38","2026-09-20",0.54,0.4175,1.1016666666666666,0.38,6,0.09,1.1739,FALSE
"マイコプラズマ肺炎","石川県","2026-38","2026-09-20",0,0.05,0.4666666666666667,0.11,NA,NA,NA,FALSE
"伝染性紅斑","石川県","2026-38","2026-09-20",0.04,0.01,0.6291666666666667,0.02,2,0.02,NA,FALSE
"咽頭結膜熱","石川県","2026-38","2026-09-20",0.11,0.16999999999999998,0.2,0.85,3,0.04,0.6111,FALSE
"急性出血性結膜炎","石川県","2026-38","2026-09-20",0,0,0.011666666666666667,0,1,0,NA,FALSE
"感染性胃腸炎","石川県","2026-38","2026-09-20",7.18,6.535,5.3741666666666665,1.22,20,0.36,1.0749,FALSE
"感染性胃腸炎（ロタウイルス）","石川県","2026-38","2026-09-20",0,0,0.016666666666666666,0,NA,NA,NA,FALSE
"手足口病","石川県","2026-38","2026-09-20",0.93,0.7050000000000001,4.2524999999999995,0.17,5,0.19,1.3099,FALSE
"新型コロナウイルス","石川県","2026-38","2026-09-20",2.11,1.9049999999999998,12.43,0.15,NA,NA,0.8474,FALSE
"水痘","石川県","2026-38","2026-09-20",0.14,0.14250000000000002,0.15833333333333333,0.9,2,0.07,1,FALSE
"流行性耳下腺炎","石川県","2026-38","2026-09-20",0.11,0.0375,0.03416666666666667,1.1,6,0.02,NA,FALSE
"流行性角結膜炎","石川県","2026-38","2026-09-20",0.43,0.715,1.0725,0.67,8,0.05,0.7544,FALSE
"無菌性髄膜炎","石川県","2026-38","2026-09-20",0.2,0.1,0.03333333333333333,3,NA,NA,1,FALSE
"突発性発しん","石川県","2026-38","2026-09-20",0.11,0.24000000000000002,0.2916666666666667,0.82,NA,NA,0.5238,FALSE
"細菌性髄膜炎","石川県","2026-38","2026-09-20",0,0,0.016666666666666666,0,NA,NA,NA,FALSE
"A群溶血性レンサ球菌咽頭炎","神奈川県","2026-38","2026-09-20",1.08,1.0625,1.405,0.76,8,0.14,0.973,FALSE
"RSウイルス","神奈川県","2026-38","2026-09-20",1.15,0.8999999999999999,0.6791666666666667,1.33,NA,NA,1.2637,FALSE
"インフルエンザ","神奈川県","2026-38","2026-09-20",14.71,8.255,2.5716666666666668,3.21,30,0.49,1.5566,FALSE
"クラミジア肺炎","神奈川県","2026-38","2026-09-20",0,0,0,NA,NA,NA,NA,FALSE
"ヘルパンギーナ","神奈川県","2026-38","2026-09-20",2.93,1.98,0.7425,2.67,6,0.49,1.5668,FALSE
"マイコプラズマ肺炎","神奈川県","2026-38","2026-09-20",0.25,0.2575,0.7441666666666666,0.35,NA,NA,1,FALSE
"伝染性紅斑","神奈川県","2026-38","2026-09-20",0.03,0.0125,0.4475,0.03,2,0.01,3,FALSE
"咽頭結膜熱","神奈川県","2026-38","2026-09-20",0.09,0.115,0.32,0.36,3,0.03,0.9,FALSE
"急性出血性結膜炎","神奈川県","2026-38","2026-09-20",0,0.005,0.016666666666666666,0.3,1,0,NA,FALSE
"感染性胃腸炎","神奈川県","2026-38","2026-09-20",3.06,3.5075,3.006666666666667,1.17,20,0.15,0.862,FALSE
"感染性胃腸炎（ロタウイルス）","神奈川県","2026-38","2026-09-20",0,0.0225,0.0075,3,NA,NA,NA,FALSE
"手足口病","神奈川県","2026-38","2026-09-20",1.25,1.4175,3.695,0.38,5,0.25,1.0504,FALSE
"新型コロナウイルス","神奈川県","2026-38","2026-09-20",3.48,2.4075,9.775833333333333,0.25,NA,NA,1.2747,FALSE
"水痘","神奈川県","2026-38","2026-09-20",0.46,0.315,0.1525,2.07,2,0.23,2.0909,FALSE
"流行性耳下腺炎","神奈川県","2026-38","2026-09-20",0.07,0.0575,0.045,1.28,6,0.01,1.4,FALSE
"流行性角結膜炎","神奈川県","2026-38","2026-09-20",0.37,0.5025000000000001,1.3866666666666667,0.36,8,0.05,0.8409,FALSE
"無菌性髄膜炎","神奈川県","2026-38","2026-09-20",0,0.10750000000000001,0.09166666666666667,1.17,NA,NA,0,FALSE
"突発性発しん","神奈川県","2026-38","2026-09-20",0.29,0.2875,0.27999999999999997,1.03,NA,NA,1.3182,FALSE
"細菌性髄膜炎","神奈川県","2026-38","2026-09-20",0,0.0225,0.04083333333333333,0.55,NA,NA,NA,FALSE
"A群溶血性レンサ球菌咽頭炎","福井県","2026-38","2026-09-20",1.04,1.1400000000000001,1.33,0.86,8,0.13,0.8966,FALSE
"RSウイルス","福井県","2026-38","2026-09-20",1.68,2.26,1.22,1.85,NA,NA,0.8077,FALSE
"インフルエンザ","福井県","2026-38","2026-09-20",3,1.5975,0.73,2.19,30,0.1,1.5385,FALSE
"クラミジア肺炎","福井県","2026-38","2026-09-20",0,0,0,NA,NA,NA,NA,FALSE
"ヘルパンギーナ","福井県","2026-38","2026-09-20",1.16,0.92,0.5766666666666667,1.6,6,0.19,1.0741,FALSE
"マイコプラズマ肺炎","福井県","2026-38","2026-09-20",0.5,1,1.2508333333333332,0.8,NA,NA,0.25,FALSE
"伝染性紅斑","福井県","2026-38","2026-09-20",0.08,0.08,0.78,0.1,2,0.04,NA,FALSE
"咽頭結膜熱","福井県","2026-38","2026-09-20",0.48,0.27999999999999997,0.63,0.44,3,0.16,2,FALSE
"急性出血性結膜炎","福井県","2026-38","2026-09-20",0,0,0,NA,1,0,NA,FALSE
"感染性胃腸炎","福井県","2026-38","2026-09-20",6.64,6.2299999999999995,5.3966666666666665,1.15,20,0.33,1.0921,FALSE
"感染性胃腸炎（ロタウイルス）","福井県","2026-38","2026-09-20",0,0,0.028333333333333335,0,NA,NA,NA,FALSE
"手足口病","福井県","2026-38","2026-09-20",3.48,2.7399999999999998,3.5833333333333335,0.76,5,0.7,1.1299,FALSE
"新型コロナウイルス","福井県","2026-38","2026-09-20",1.44,1.4749999999999999,8.449166666666667,0.17,NA,NA,1.0588,FALSE
"水痘","福井県","2026-38","2026-09-20",0.08,0.12000000000000001,0.14666666666666667,0.82,2,0.04,0.4,FALSE
"流行性耳下腺炎","福井県","2026-38","2026-09-20",0.04,0.04,0.02666666666666667,1.5,6,0.01,0.5,FALSE
"流行性角結膜炎","福井県","2026-38","2026-09-20",0,0,0.11,0,8,0,NA,FALSE
"無菌性髄膜炎","福井県","2026-38","2026-09-20",0,0.0425,0.0425,1,NA,NA,NA,FALSE
"突発性発しん","福井県","2026-38","2026-09-20",0.12,0.21999999999999997,0.21333333333333335,1.03,NA,NA,0.5,FALSE
"細菌性髄膜炎","福井県","2026-38","2026-09-20",0,0,0.014166666666666668,0,NA,NA,NA,FALSE
"A群溶血性レンサ球菌咽頭炎","福岡県","2026-38","2026-09-20",2.01,2.0549999999999997,3.2583333333333333,0.63,8,0.25,0.8272,FALSE
"RSウイルス","福岡県","2026-38","2026-09-20",1.9,1.93,1.5633333333333332,1.23,NA,NA,0.8051,FALSE
"インフルエンザ","福岡県","2026-38","2026-09-20",5.34,3.4325,3.1283333333333334,1.1,30,0.18,1.2054,FALSE
"クラミジア肺炎","福岡県","2026-38","2026-09-20",0,0,0,NA,NA,NA,NA,FALSE
"ヘルパンギーナ","福岡県","2026-38","2026-09-20",0.63,0.39749999999999996,1.1341666666666668,0.35,6,0.1,2.0323,FALSE
"マイコプラズマ肺炎","福岡県","2026-38","2026-09-20",0.27,0.2025,0.6391666666666667,0.32,NA,NA,1,FALSE
"伝染性紅斑","福岡県","2026-38","2026-09-20",0,0.015000000000000001,1.1066666666666667,0.01,2,0,0,FALSE
"咽頭結膜熱","福岡県","2026-38","2026-09-20",0.84,0.75,1.5758333333333334,0.48,3,0.28,0.9767,FALSE
"急性出血性結膜炎","福岡県","2026-38","2026-09-20",0,0.01,0.023333333333333334,0.43,1,0,NA,FALSE
"感染性胃腸炎","福岡県","2026-38","2026-09-20",5.6,5.9799999999999995,4.359166666666667,1.37,20,0.28,0.9121,FALSE
"感染性胃腸炎（ロタウイルス）","福岡県","2026-38","2026-09-20",0,0,0,NA,NA,NA,NA,FALSE
"手足口病","福岡県","2026-38","2026-09-20",1.01,0.8500000000000001,3.1558333333333333,0.27,5,0.2,1.2785,FALSE
"新型コロナウイルス","福岡県","2026-38","2026-09-20",0.73,0.7825,8.719166666666666,0.09,NA,NA,0.8391,FALSE
"水痘","福岡県","2026-38","2026-09-20",0.39,0.2875,0.22416666666666668,1.28,2,0.2,1.2581,FALSE
"流行性耳下腺炎","福岡県","2026-38","2026-09-20",0.09,0.0375,0.049166666666666664,0.76,6,0.01,9,FALSE
"流行性角結膜炎","福岡県","2026-38","2026-09-20",3.58,4.355,1.0683333333333334,4.08,8,0.45,0.7443,FALSE
"無菌性髄膜炎","福岡県","2026-38","2026-09-20",0.13,0.05,0.05666666666666667,0.88,NA,NA,NA,FALSE
"突発性発しん","福岡県","2026-38","2026-09-20",0.41,0.4775,0.39666666666666667,1.2,NA,NA,0.8723,FALSE
"細菌性髄膜炎","福岡県","2026-38","2026-09-20",0,0.035,0.016666666666666666,2.1,NA,NA,NA,FALSE
"A群溶血性レンサ球菌咽頭炎","福島県","2026-38","2026-09-20",0.43,0.7325,1.2525,0.58,8,0.05,0.4624,FALSE
"RSウイルス","福島県","2026-38","2026-09-20",1.14,0.82,1.7025,0.48,NA,NA,1.6765,FALSE
"インフルエンザ","福島県","2026-38","2026-09-20",4.38,2.9124999999999996,1.1441666666666666,2.55,30,0.15,1.6654,FALSE
"クラミジア肺炎","福島県","2026-38","2026-09-20",0,0,0.011666666666666667,0,NA,NA,NA,FALSE
"ヘルパンギーナ","福島県","2026-38","2026-09-20",0.21,0.5175,1.3166666666666667,0.39,6,0.03,0.42,FALSE
"マイコプラズマ肺炎","福島県","2026-38","2026-09-20",1.14,0.6425,0.9283333333333333,0.69,NA,NA,8.1429,FALSE
"伝染性紅斑","福島県","2026-38","2026-09-20",0.04,0.02,0.7016666666666667,0.03,2,0.02,1,FALSE
"咽頭結膜熱","福島県","2026-38","2026-09-20",0.14,0.14250000000000002,0.2816666666666667,0.51,3,0.05,3.5,FALSE
"急性出血性結膜炎","福島県","2026-38","2026-09-20",0,0,0,NA,1,0,NA,FALSE
"感染性胃腸炎","福島県","2026-38","2026-09-20",2.89,3.1950000000000003,2.2658333333333336,1.41,20,0.14,0.8257,FALSE
"感染性胃腸炎（ロタウイルス）","福島県","2026-38","2026-09-20",0,0,0,NA,NA,NA,NA,FALSE
"手足口病","福島県","2026-38","2026-09-20",2.14,3.715,3.8024999999999998,0.98,5,0.43,0.6585,TRUE
"新型コロナウイルス","福島県","2026-38","2026-09-20",2.96,2.055,13.151666666666667,0.16,NA,NA,1.5417,FALSE
"水痘","福島県","2026-38","2026-09-20",0.61,0.33999999999999997,0.10166666666666667,3.34,2,0.3,4.3571,FALSE
"流行性耳下腺炎","福島県","2026-38","2026-09-20",0,0.02,0.055,0.36,6,0,0,FALSE
"流行性角結膜炎","福島県","2026-38","2026-09-20",1.31,1.6549999999999998,0.475,3.48,8,0.16,0.8506,FALSE
"無菌性髄膜炎","福島県","2026-38","2026-09-20",0,0,0,NA,NA,NA,NA,FALSE
"突発性発しん","福島県","2026-38","2026-09-20",0.21,0.28500000000000003,0.35083333333333333,0.81,NA,NA,0.7241,FALSE
"細菌性髄膜炎","福島県","2026-38","2026-09-20",0,0,0,NA,NA,NA,NA,FALSE
"A群溶血性レンサ球菌咽頭炎","秋田県","2026-38","2026-09-20",0.38,0.365,0.6175,0.59,8,0.05,0.6129,FALSE
"RSウイルス","秋田県","2026-38","2026-09-20",0.69,0.6925,0.47250000000000003,1.47,NA,NA,0.8961,FALSE
"インフルエンザ","秋田県","2026-38","2026-09-20",4.48,2.83,0.33166666666666667,8.53,30,0.15,1.3023,FALSE
"クラミジア肺炎","秋田県","2026-38","2026-09-20",0,0,0,NA,NA,NA,NA,FALSE
"ヘルパンギーナ","秋田県","2026-38","2026-09-20",0.54,0.655,1.0608333333333333,0.62,6,0.09,0.7013,FALSE
"マイコプラズマ肺炎","秋田県","2026-38","2026-09-20",0.13,0.2525,1.8666666666666667,0.14,NA,NA,0.26,FALSE
"伝染性紅斑","秋田県","2026-38","2026-09-20",0,0.095,0.8741666666666666,0.11,2,0,NA,FALSE
"咽頭結膜熱","秋田県","2026-38","2026-09-20",0.08,0.13499999999999998,0.21916666666666668,0.62,3,0.03,0.5333,FALSE
"急性出血性結膜炎","秋田県","2026-38","2026-09-20",0,0,0.011666666666666667,0,1,0,NA,FALSE
"感染性胃腸炎","秋田県","2026-38","2026-09-20",2.15,2.345,2.165,1.08,20,0.11,1.1198,FALSE
"感染性胃腸炎（ロタウイルス）","秋田県","2026-38","2026-09-20",0,0,0,NA,NA,NA,NA,FALSE
"手足口病","秋田県","2026-38","2026-09-20",1.69,3.365,1.7883333333333333,1.88,5,0.34,0.687,FALSE
"新型コロナウイルス","秋田県","2026-38","2026-09-20",2.52,1.9899999999999998,12.814166666666667,0.16,NA,NA,1.05,FALSE
"水痘","秋田県","2026-38","2026-09-20",0.15,0.135,0.115,1.17,2,0.07,0.6522,FALSE
"流行性耳下腺炎","秋田県","2026-38","2026-09-20",0,0.0375,0.019166666666666665,1.96,6,0,NA,FALSE
"流行性角結膜炎","秋田県","2026-38","2026-09-20",0.29,0.35750000000000004,0.25,1.43,8,0.04,0.4085,FALSE
"無菌性髄膜炎","秋田県","2026-38","2026-09-20",0,0,0,NA,NA,NA,NA,FALSE
"突発性発しん","秋田県","2026-38","2026-09-20",0.08,0.23,0.16833333333333333,1.37,NA,NA,0.3478,FALSE
"細菌性髄膜炎","秋田県","2026-38","2026-09-20",0,0,0,NA,NA,NA,NA,FALSE
"A群溶血性レンサ球菌咽頭炎","群馬県","2026-38","2026-09-20",1.92,1.92,1.19,1.61,8,0.24,1,FALSE
"RSウイルス","群馬県","2026-38","2026-09-20",2.48,1.89,1.1116666666666666,1.7,NA,NA,1.1273,FALSE
"インフルエンザ","群馬県","2026-38","2026-09-20",6.36,3.0124999999999997,0.7925,3.8,30,0.21,2.2878,FALSE
"クラミジア肺炎","群馬県","2026-38","2026-09-20",0,0,0,NA,NA,NA,NA,FALSE
"ヘルパンギーナ","群馬県","2026-38","2026-09-20",6.24,4.0600000000000005,1.2558333333333334,3.23,6,1.04,1.2093,TRUE
"マイコプラズマ肺炎","群馬県","2026-38","2026-09-20",2.22,1.6375000000000002,1.4908333333333335,1.1,NA,NA,1.8197,FALSE
"伝染性紅斑","群馬県","2026-38","2026-09-20",0.16,0.07,0.7041666666666667,0.1,2,0.08,NA,FALSE
"咽頭結膜熱","群馬県","2026-38","2026-09-20",0.24,0.37000000000000005,0.7283333333333333,0.51,3,0.08,0.4286,FALSE
"急性出血性結膜炎","群馬県","2026-38","2026-09-20",0,0,0,NA,1,0,NA,FALSE
"感染性胃腸炎","群馬県","2026-38","2026-09-20",5.76,6.24,5.095,1.22,20,0.29,0.9114,FALSE
"感染性胃腸炎（ロタウイルス）","群馬県","2026-38","2026-09-20",0,0,0.009166666666666667,0,NA,NA,NA,FALSE
"手足口病","群馬県","2026-38","2026-09-20",1.52,2.67,2.2775,1.17,5,0.3,0.76,FALSE
"新型コロナウイルス","群馬県","2026-38","2026-09-20",4.2,2.9625,9.8875,0.3,NA,NA,1.1966,FALSE
"水痘","群馬県","2026-38","2026-09-20",0.16,0.12,0.12333333333333334,0.97,2,0.08,1.3333,FALSE
"流行性耳下腺炎","群馬県","2026-38","2026-09-20",0.04,0.03,0.065,0.46,6,0.01,1,FALSE
"流行性角結膜炎","群馬県","2026-38","2026-09-20",0.2,0.375,0.9058333333333333,0.41,8,0.03,0.5,FALSE
"無菌性髄膜炎","群馬県","2026-38","2026-09-20",0,0,0,NA,NA,NA,NA,FALSE
"突発性発しん","群馬県","2026-38","2026-09-20",0.28,0.41000000000000003,0.4525,0.91,NA,NA,1,FALSE
"細菌性髄膜炎","群馬県","2026-38","2026-09-20",0,0,0.018333333333333333,0,NA,NA,NA,FALSE
"A群溶血性レンサ球菌咽頭炎","茨城県","2026-38","2026-09-20",3.92,2.895,3.1708333333333334,0.91,8,0.49,1.2099,FALSE
"RSウイルス","茨城県","2026-38","2026-09-20",0.76,0.755,0.7158333333333333,1.05,NA,NA,1.1176,FALSE
"インフルエンザ","茨城県","2026-38","2026-09-20",13.47,7.775,2.2625,3.44,30,0.45,1.3675,FALSE
"クラミジア肺炎","茨城県","2026-38","2026-09-20",0,0.02,0,NA,NA,NA,NA,FALSE
"ヘルパンギーナ","茨城県","2026-38","2026-09-20",0.53,0.795,0.6541666666666667,1.22,6,0.09,0.5761,FALSE
"マイコプラズマ肺炎","茨城県","2026-38","2026-09-20",0.69,0.52,1.04,0.5,NA,NA,1.5,FALSE
"伝染性紅斑","茨城県","2026-38","2026-09-20",0.05,0.04,0.4241666666666667,0.09,2,0.03,1,FALSE
"咽頭結膜熱","茨城県","2026-38","2026-09-20",0.16,0.115,0.7883333333333333,0.15,3,0.05,3.2,FALSE
"急性出血性結膜炎","茨城県","2026-38","2026-09-20",0,0,0.01,0,1,0,NA,FALSE
"感染性胃腸炎","茨城県","2026-38","2026-09-20",3.39,3.6550000000000002,3.160833333333333,1.16,20,0.17,0.9064,FALSE
"感染性胃腸炎（ロタウイルス）","茨城県","2026-38","2026-09-20",0,0,0.013333333333333334,0,NA,NA,NA,FALSE
"手足口病","茨城県","2026-38","2026-09-20",2.11,1.5775,2.0258333333333334,0.78,5,0.42,2.2935,FALSE
"新型コロナウイルス","茨城県","2026-38","2026-09-20",3.66,3.1525,13.251666666666667,0.24,NA,NA,1.0487,FALSE
"水痘","茨城県","2026-38","2026-09-20",0.26,0.225,0.12916666666666665,1.74,2,0.13,3.25,FALSE
"流行性耳下腺炎","茨城県","2026-38","2026-09-20",0,0.015,0.04083333333333333,0.37,6,0,0,FALSE
"流行性角結膜炎","茨城県","2026-38","2026-09-20",0.82,1.1324999999999998,2.0091666666666668,0.56,8,0.1,1,FALSE
"無菌性髄膜炎","茨城県","2026-38","2026-09-20",0,0.0375,0.0325,1.15,NA,NA,0,FALSE
"突発性発しん","茨城県","2026-38","2026-09-20",0.26,0.21250000000000002,0.19166666666666668,1.11,NA,NA,1.625,FALSE
"細菌性髄膜炎","茨城県","2026-38","2026-09-20",0,0,0.019166666666666665,0,NA,NA,NA,FALSE
"A群溶血性レンサ球菌咽頭炎","長崎県","2026-38","2026-09-20",1.65,1.7200000000000002,2.191666666666667,0.78,8,0.21,0.8967,FALSE
"RSウイルス","長崎県","2026-38","2026-09-20",1.1,1.0474999999999999,1.4,0.75,NA,NA,0.9483,FALSE
"インフルエンザ","長崎県","2026-38","2026-09-20",7.72,3.6699999999999995,2.72,1.35,30,0.26,1.9795,FALSE
"クラミジア肺炎","長崎県","2026-38","2026-09-20",0,0,0,NA,NA,NA,NA,FALSE
"ヘルパンギーナ","長崎県","2026-38","2026-09-20",1.32,1.4825000000000002,0.5641666666666667,2.63,6,0.22,0.7719,FALSE
"マイコプラズマ肺炎","長崎県","2026-38","2026-09-20",0.17,0.145,0.8333333333333333,0.17,NA,NA,0.5152,FALSE
"伝染性紅斑","長崎県","2026-38","2026-09-20",0.1,0.0575,1.2475,0.05,2,0.05,1,FALSE
"咽頭結膜熱","長崎県","2026-38","2026-09-20",0.32,0.2975,0.6966666666666667,0.43,3,0.11,2.4615,FALSE
"急性出血性結膜炎","長崎県","2026-38","2026-09-20",0.13,0.0975,0.18,0.54,1,0.13,1,FALSE
"感染性胃腸炎","長崎県","2026-38","2026-09-20",2.94,3.5749999999999997,1.9866666666666666,1.8,20,0.15,0.7989,FALSE
"感染性胃腸炎（ロタウイルス）","長崎県","2026-38","2026-09-20",0,0,0,NA,NA,NA,NA,FALSE
"手足口病","長崎県","2026-38","2026-09-20",0.32,0.41000000000000003,3.4291666666666667,0.12,5,0.06,0.6667,FALSE
"新型コロナウイルス","長崎県","2026-38","2026-09-20",1.28,1.7449999999999999,11.060833333333333,0.16,NA,NA,0.7273,FALSE
"水痘","長崎県","2026-38","2026-09-20",0.42,0.2925,0.20166666666666666,1.45,2,0.21,3.2308,FALSE
"流行性耳下腺炎","長崎県","2026-38","2026-09-20",0.03,0.0225,0.035833333333333335,0.63,6,0,1,FALSE
"流行性角結膜炎","長崎県","2026-38","2026-09-20",2.13,2.44,1.2933333333333332,1.89,8,0.27,0.9467,FALSE
"無菌性髄膜炎","長崎県","2026-38","2026-09-20",0,0,0.06916666666666667,0,NA,NA,NA,FALSE
"突発性発しん","長崎県","2026-38","2026-09-20",0.39,0.40499999999999997,0.31833333333333336,1.27,NA,NA,0.75,FALSE
"細菌性髄膜炎","長崎県","2026-38","2026-09-20",0,0,0.013333333333333334,0,NA,NA,NA,FALSE
"A群溶血性レンサ球菌咽頭炎","長野県","2026-38","2026-09-20",1.26,1.2074999999999998,1.1991666666666667,1.01,8,0.16,1.008,FALSE
"RSウイルス","長野県","2026-38","2026-09-20",0.41,0.47750000000000004,0.605,0.79,NA,NA,0.6029,FALSE
"インフルエンザ","長野県","2026-38","2026-09-20",6.73,3.9425000000000003,1.1216666666666666,3.51,30,0.22,1.2698,FALSE
"クラミジア肺炎","長野県","2026-38","2026-09-20",0,0,0.006666666666666667,0,NA,NA,NA,FALSE
"ヘルパンギーナ","長野県","2026-38","2026-09-20",1.56,1.32,1.4341666666666666,0.92,6,0.26,1.2093,FALSE
"マイコプラズマ肺炎","長野県","2026-38","2026-09-20",1,0.5425,0.35916666666666663,1.51,NA,NA,2.381,FALSE
"伝染性紅斑","長野県","2026-38","2026-09-20",0.04,0.02,0.5691666666666667,0.04,2,0.02,NA,FALSE
"咽頭結膜熱","長野県","2026-38","2026-09-20",0.15,0.1175,0.27,0.44,3,0.05,3.75,FALSE
"急性出血性結膜炎","長野県","2026-38","2026-09-20",0,0,0.008333333333333333,0,1,0,NA,FALSE
"感染性胃腸炎","長野県","2026-38","2026-09-20",5.04,4.645,3.0008333333333335,1.55,20,0.25,1.0611,FALSE
"感染性胃腸炎（ロタウイルス）","長野県","2026-38","2026-09-20",0,0,0.006666666666666667,0,NA,NA,NA,FALSE
"手足口病","長野県","2026-38","2026-09-20",4.3,4.6925,3.215,1.46,5,0.86,0.9707,TRUE
"新型コロナウイルス","長野県","2026-38","2026-09-20",5.55,4.3825,11.448333333333332,0.38,NA,NA,0.9312,FALSE
"水痘","長野県","2026-38","2026-09-20",0.37,0.27999999999999997,0.09583333333333334,2.92,2,0.18,1.2759,FALSE
"流行性耳下腺炎","長野県","2026-38","2026-09-20",0.07,0.07250000000000001,0.0325,2.23,6,0.01,0.6364,FALSE
"流行性角結膜炎","長野県","2026-38","2026-09-20",0.5,0.6499999999999999,1.2,0.54,8,0.06,1,FALSE
"無菌性髄膜炎","長野県","2026-38","2026-09-20",0.08,0.02,0.02666666666666667,0.75,NA,NA,NA,FALSE
"突発性発しん","長野県","2026-38","2026-09-20",0.19,0.2975,0.22833333333333333,1.3,NA,NA,0.5938,FALSE
"細菌性髄膜炎","長野県","2026-38","2026-09-20",0.08,0.04,0.013333333333333334,3,NA,NA,NA,FALSE
"A群溶血性レンサ球菌咽頭炎","青森県","2026-38","2026-09-20",0.56,0.5149999999999999,0.525,0.98,8,0.07,1.2727,FALSE
"RSウイルス","青森県","2026-38","2026-09-20",0.41,0.2075,0.49333333333333335,0.42,NA,NA,6.8333,FALSE
"インフルエンザ","青森県","2026-38","2026-09-20",4.42,3.325,0.36,9.24,30,0.15,1.3684,FALSE
"クラミジア肺炎","青森県","2026-38","2026-09-20",0,0,0,NA,NA,NA,NA,FALSE
"ヘルパンギーナ","青森県","2026-38","2026-09-20",0.21,0.7375,1.0958333333333332,0.67,6,0.03,0.375,FALSE
"マイコプラズマ肺炎","青森県","2026-38","2026-09-20",0.67,0.37749999999999995,1.335,0.28,NA,NA,1.34,FALSE
"伝染性紅斑","青森県","2026-38","2026-09-20",0,0.0225,0.22833333333333333,0.1,2,0,NA,FALSE
"咽頭結膜熱","青森県","2026-38","2026-09-20",0.09,0.075,0.1625,0.46,3,0.03,3,FALSE
"急性出血性結膜炎","青森県","2026-38","2026-09-20",0,0.025,0.008333333333333333,3,1,0,NA,FALSE
"感染性胃腸炎","青森県","2026-38","2026-09-20",1.68,1.4775,2.1725,0.68,20,0.08,1.1915,FALSE
"感染性胃腸炎（ロタウイルス）","青森県","2026-38","2026-09-20",0,0,0,NA,NA,NA,NA,FALSE
"手足口病","青森県","2026-38","2026-09-20",1.03,1.905,2.2183333333333333,0.86,5,0.21,1.0619,FALSE
"新型コロナウイルス","青森県","2026-38","2026-09-20",1.71,1.2349999999999999,11.870833333333334,0.1,NA,NA,1.2391,FALSE
"水痘","青森県","2026-38","2026-09-20",0.24,0.135,0.135,1,2,0.12,2.6667,FALSE
"流行性耳下腺炎","青森県","2026-38","2026-09-20",0.06,0.0375,0.03,1.25,6,0.01,2,FALSE
"流行性角結膜炎","青森県","2026-38","2026-09-20",0,0.07500000000000001,0.23333333333333334,0.32,8,0,0,FALSE
"無菌性髄膜炎","青森県","2026-38","2026-09-20",0,0,0.014166666666666668,0,NA,NA,NA,FALSE
"突発性発しん","青森県","2026-38","2026-09-20",0.41,0.26249999999999996,0.25416666666666665,1.03,NA,NA,1.5769,FALSE
"細菌性髄膜炎","青森県","2026-38","2026-09-20",0,0.0425,0.0275,1.55,NA,NA,NA,FALSE
"A群溶血性レンサ球菌咽頭炎","静岡県","2026-38","2026-09-20",0.88,1.005,0.8208333333333333,1.22,8,0.11,0.9072,FALSE
"RSウイルス","静岡県","2026-38","2026-09-20",1.77,1.36,0.9483333333333334,1.43,NA,NA,1.1419,FALSE
"インフルエンザ","静岡県","2026-38","2026-09-20",8.94,4.2625,2.0300000000000002,2.1,30,0.3,1.9021,FALSE
"クラミジア肺炎","静岡県","2026-38","2026-09-20",0,0,0,NA,NA,NA,NA,FALSE
"ヘルパンギーナ","静岡県","2026-38","2026-09-20",3.12,1.3725,0.87,1.58,6,0.52,2.9714,FALSE
"マイコプラズマ肺炎","静岡県","2026-38","2026-09-20",0.4,0.575,0.6916666666666667,0.83,NA,NA,1,FALSE
"伝染性紅斑","静岡県","2026-38","2026-09-20",0.02,0.0325,0.6,0.05,2,0.01,0.6667,FALSE
"咽頭結膜熱","静岡県","2026-38","2026-09-20",0.18,0.13,0.44666666666666666,0.29,3,0.06,2.25,FALSE
"急性出血性結膜炎","静岡県","2026-38","2026-09-20",0,0.0125,0.004166666666666667,3,1,0,NA,FALSE
"感染性胃腸炎","静岡県","2026-38","2026-09-20",1.89,2.0775,2.8916666666666666,0.72,20,0.09,0.867,FALSE
"感染性胃腸炎（ロタウイルス）","静岡県","2026-38","2026-09-20",0,0,0,NA,NA,NA,NA,FALSE
"手足口病","静岡県","2026-38","2026-09-20",0.79,0.7050000000000001,3.9008333333333334,0.18,5,0.16,1.4364,FALSE
"新型コロナウイルス","静岡県","2026-38","2026-09-20",2.76,2.2424999999999997,11.901666666666666,0.19,NA,NA,1.1646,FALSE
"水痘","静岡県","2026-38","2026-09-20",0.06,0.08,0.10083333333333333,0.79,2,0.03,0.5,FALSE
"流行性耳下腺炎","静岡県","2026-38","2026-09-20",0.03,0.049999999999999996,0.04583333333333334,1.09,6,0,0.25,FALSE
"流行性角結膜炎","静岡県","2026-38","2026-09-20",0.27,0.18,0.515,0.35,8,0.03,3,FALSE
"無菌性髄膜炎","静岡県","2026-38","2026-09-20",0,0.025,0.08333333333333334,0.3,NA,NA,NA,FALSE
"突発性発しん","静岡県","2026-38","2026-09-20",0.2,0.2575,0.295,0.87,NA,NA,1.6667,FALSE
"細菌性髄膜炎","静岡県","2026-38","2026-09-20",0,0,0.075,0,NA,NA,NA,FALSE
"A群溶血性レンサ球菌咽頭炎","香川県","2026-38","2026-09-20",0.23,0.6525000000000001,0.9891666666666666,0.66,8,0.03,0.25,FALSE
"RSウイルス","香川県","2026-38","2026-09-20",0.77,0.5975,0.9091666666666667,0.66,NA,NA,1,FALSE
"インフルエンザ","香川県","2026-38","2026-09-20",2.74,1.6424999999999998,0.9166666666666667,1.79,30,0.09,1.8026,FALSE
"クラミジア肺炎","香川県","2026-38","2026-09-20",0,0,0,NA,NA,NA,NA,FALSE
"ヘルパンギーナ","香川県","2026-38","2026-09-20",0.62,0.5974999999999999,0.5533333333333333,1.08,6,0.1,2,FALSE
"マイコプラズマ肺炎","香川県","2026-38","2026-09-20",3.2,2.0500000000000003,0.6666666666666666,3.08,NA,NA,1.0667,FALSE
"伝染性紅斑","香川県","2026-38","2026-09-20",0.15,0.057499999999999996,0.5891666666666666,0.1,2,0.07,1.875,FALSE
"咽頭結膜熱","香川県","2026-38","2026-09-20",0.31,0.3275,0.6175,0.53,3,0.1,1,FALSE
"急性出血性結膜炎","香川県","2026-38","2026-09-20",0,0.05,0,NA,1,0,NA,FALSE
"感染性胃腸炎","香川県","2026-38","2026-09-20",3.62,3.8649999999999998,4.758333333333333,0.81,20,0.18,0.8265,FALSE
"感染性胃腸炎（ロタウイルス）","香川県","2026-38","2026-09-20",0,0,0,NA,NA,NA,NA,FALSE
"手足口病","香川県","2026-38","2026-09-20",0.62,0.5175,3.638333333333333,0.14,5,0.12,1.6316,FALSE
"新型コロナウイルス","香川県","2026-38","2026-09-20",0.7,1.025,8.313333333333333,0.12,NA,NA,0.6422,FALSE
"水痘","香川県","2026-38","2026-09-20",0.15,0.19,0.1,1.9,2,0.07,1,FALSE
"流行性耳下腺炎","香川県","2026-38","2026-09-20",0.08,0.02,0.023333333333333334,0.86,6,0.01,NA,FALSE
"流行性角結膜炎","香川県","2026-38","2026-09-20",0.2,0.75,0.15000000000000002,5,8,0.03,0.3333,FALSE
"無菌性髄膜炎","香川県","2026-38","2026-09-20",0.2,0.15000000000000002,0.03333333333333333,4.5,NA,NA,0.5,FALSE
"突発性発しん","香川県","2026-38","2026-09-20",0.15,0.17,0.3358333333333333,0.51,NA,NA,1,FALSE
"細菌性髄膜炎","香川県","2026-38","2026-09-20",0,0.05,0.016666666666666666,3,NA,NA,0,FALSE
"A群溶血性レンサ球菌咽頭炎","高知県","2026-38","2026-09-20",1.05,0.6575000000000001,1.1183333333333334,0.59,8,0.13,1.9811,FALSE
"RSウイルス","高知県","2026-38","2026-09-20",0.53,0.53,1.5866666666666667,0.33,NA,NA,0.7162,FALSE
"インフルエンザ","高知県","2026-38","2026-09-20",3.08,2.1950000000000003,1.155,1.9,30,0.1,1.278,FALSE
"クラミジア肺炎","高知県","2026-38","2026-09-20",0,0,0,NA,NA,NA,NA,FALSE
"ヘルパンギーナ","高知県","2026-38","2026-09-20",0.68,0.5375,0.8058333333333333,0.67,6,0.11,1.1724,FALSE
"マイコプラズマ肺炎","高知県","2026-38","2026-09-20",0.25,0.5025,0.7516666666666667,0.67,NA,NA,0.3333,FALSE
"伝染性紅斑","高知県","2026-38","2026-09-20",0.11,0.0275,0.26166666666666666,0.11,2,0.06,NA,FALSE
"咽頭結膜熱","高知県","2026-38","2026-09-20",0.11,0.2375,0.3516666666666667,0.68,3,0.04,0.4231,FALSE
"急性出血性結膜炎","高知県","2026-38","2026-09-20",0,0,0,NA,1,0,NA,FALSE
"感染性胃腸炎","高知県","2026-38","2026-09-20",1.47,1.4475,1.9233333333333333,0.75,20,0.07,0.9304,FALSE
"感染性胃腸炎（ロタウイルス）","高知県","2026-38","2026-09-20",0,0,0.010833333333333334,0,NA,NA,NA,FALSE
"手足口病","高知県","2026-38","2026-09-20",0.21,0.29,2.361666666666667,0.12,5,0.04,0.6562,FALSE
"新型コロナウイルス","高知県","2026-38","2026-09-20",3.11,2.79,10.5225,0.27,NA,NA,1.2798,FALSE
"水痘","高知県","2026-38","2026-09-20",0,0.095,0.22083333333333333,0.43,2,0,0,FALSE
"流行性耳下腺炎","高知県","2026-38","2026-09-20",0,0.0125,0.010833333333333334,1.15,6,0,NA,FALSE
"流行性角結膜炎","高知県","2026-38","2026-09-20",0,0,0.0275,0,8,0,NA,FALSE
"無菌性髄膜炎","高知県","2026-38","2026-09-20",0,0,0.010833333333333334,0,NA,NA,NA,FALSE
"突発性発しん","高知県","2026-38","2026-09-20",0,0.105,0.2633333333333333,0.4,NA,NA,0,FALSE
"細菌性髄膜炎","高知県","2026-38","2026-09-20",0.13,0.0325,0.010833333333333334,3,NA,NA,NA,FALSE
"A群溶血性レンサ球菌咽頭炎","鳥取県","2026-38","2026-09-20",4.11,3.29,4.439166666666667,0.74,8,0.51,1.0275,FALSE
"RSウイルス","鳥取県","2026-38","2026-09-20",0.68,0.525,1.25,0.42,NA,NA,1.619,FALSE
"インフルエンザ","鳥取県","2026-38","2026-09-20",4.86,3.7575,1.6566666666666667,2.27,30,0.16,1.102,FALSE
"クラミジア肺炎","鳥取県","2026-38","2026-09-20",0,0.05,0,NA,NA,NA,NA,FALSE
"ヘルパンギーナ","鳥取県","2026-38","2026-09-20",0.37,0.5,0.6849999999999999,0.73,6,0.06,0.881,FALSE
"マイコプラズマ肺炎","鳥取県","2026-38","2026-09-20",0,0,0.65,0,NA,NA,NA,FALSE
"伝染性紅斑","鳥取県","2026-38","2026-09-20",0,0,0.2675,0,2,0,NA,FALSE
"咽頭結膜熱","鳥取県","2026-38","2026-09-20",0.21,0.105,0.1975,0.53,3,0.07,4.2,FALSE
"急性出血性結膜炎","鳥取県","2026-38","2026-09-20",0,0,0,NA,1,0,NA,FALSE
"感染性胃腸炎","鳥取県","2026-38","2026-09-20",3.79,3.8149999999999995,4.3125,0.88,20,0.19,0.9743,FALSE
"感染性胃腸炎（ロタウイルス）","鳥取県","2026-38","2026-09-20",0,0.05,0.049999999999999996,1,NA,NA,NA,FALSE
"手足口病","鳥取県","2026-38","2026-09-20",0.37,0.5,3.416666666666667,0.15,5,0.07,0.4405,FALSE
"新型コロナウイルス","鳥取県","2026-38","2026-09-20",1.83,2.8474999999999997,9.83,0.29,NA,NA,0.688,FALSE
"水痘","鳥取県","2026-38","2026-09-20",0.11,0.08,0.0925,0.86,2,0.06,1,FALSE
"流行性耳下腺炎","鳥取県","2026-38","2026-09-20",0,0,0.021666666666666667,0,6,0,NA,FALSE
"流行性角結膜炎","鳥取県","2026-38","2026-09-20",0,0.05,0.5666666666666667,0.09,8,0,NA,FALSE
"無菌性髄膜炎","鳥取県","2026-38","2026-09-20",0.2,0.15000000000000002,0.05,3,NA,NA,1,FALSE
"突発性発しん","鳥取県","2026-38","2026-09-20",0.16,0.225,0.20833333333333334,1.08,NA,NA,0.3404,FALSE
"細菌性髄膜炎","鳥取県","2026-38","2026-09-20",0.2,0.05,0,NA,NA,NA,NA,FALSE
"A群溶血性レンサ球菌咽頭炎","鹿児島県","2026-38","2026-09-20",1.87,1.9525000000000001,1.26,1.55,8,0.23,1.0331,FALSE
"RSウイルス","鹿児島県","2026-38","2026-09-20",1.29,1.5825,1.3375,1.18,NA,NA,0.8487,FALSE
"インフルエンザ","鹿児島県","2026-38","2026-09-20",6.39,4.467499999999999,2.368333333333333,1.89,30,0.21,1.3285,FALSE
"クラミジア肺炎","鹿児島県","2026-38","2026-09-20",0.08,0.02,0,NA,NA,NA,NA,FALSE
"ヘルパンギーナ","鹿児島県","2026-38","2026-09-20",1.06,0.635,1.3391666666666666,0.47,6,0.18,1.4324,FALSE
"マイコプラズマ肺炎","鹿児島県","2026-38","2026-09-20",0,0.0825,0.6541666666666667,0.13,NA,NA,0,FALSE
"伝染性紅斑","鹿児島県","2026-38","2026-09-20",0,0.065,0.8666666666666667,0.07,2,0,0,FALSE
"咽頭結膜熱","鹿児島県","2026-38","2026-09-20",0.65,0.695,0.65,1.07,3,0.22,0.8025,FALSE
"急性出血性結膜炎","鹿児島県","2026-38","2026-09-20",0,0,0,NA,1,0,NA,FALSE
"感染性胃腸炎","鹿児島県","2026-38","2026-09-20",3.19,3.4025000000000003,3.7024999999999997,0.92,20,0.16,0.8243,FALSE
"感染性胃腸炎（ロタウイルス）","鹿児島県","2026-38","2026-09-20",0,0,0,NA,NA,NA,NA,FALSE
"手足口病","鹿児島県","2026-38","2026-09-20",0.35,0.42500000000000004,2.410833333333333,0.18,5,0.07,0.7778,FALSE
"新型コロナウイルス","鹿児島県","2026-38","2026-09-20",0.79,0.7174999999999999,9.910833333333333,0.07,NA,NA,1.2154,FALSE
"水痘","鹿児島県","2026-38","2026-09-20",0.32,0.2575,0.13916666666666666,1.85,2,0.16,2,FALSE
"流行性耳下腺炎","鹿児島県","2026-38","2026-09-20",0.03,0.0325,0.06416666666666666,0.51,6,0,0.3,FALSE
"流行性角結膜炎","鹿児島県","2026-38","2026-09-20",0.29,0.6075,0.9641666666666666,0.63,8,0.04,0.2248,FALSE
"無菌性髄膜炎","鹿児島県","2026-38","2026-09-20",0.08,0.02,0.04166666666666667,0.48,NA,NA,NA,FALSE
"突発性発しん","鹿児島県","2026-38","2026-09-20",0.26,0.4275,0.35083333333333333,1.22,NA,NA,0.4727,FALSE
"細菌性髄膜炎","鹿児島県","2026-38","2026-09-20",0,0.02,0.02,1,NA,NA,NA,FALSE
